Sl no.,District Name,Market Name,Commodity,Variety,Grade,Min Price (Rs./Quintal),Max Price (Rs./Quintal),Modal Price (Rs./Quintal),Price Date
1,Nagpur,Katol,Jowar(Sorghum),Other,FAQ,875,875,875,20 Apr 2018
2,Nagpur,Katol,Jowar(Sorghum),Other,FAQ,971,971,971,09 Mar 2021
3,Nagpur,Katol,Jowar(Sorghum),Other,FAQ,1000,1000,1000,28 Feb 2018
4,Nagpur,Katol,Jowar(Sorghum),Other,FAQ,1000,1000,1000,31 Aug 2018
5,Nagpur,Katol,Jowar(Sorghum),Other,FAQ,1000,1111,1050,04 Dec 2017
6,Nagpur,Katol,Jowar(Sorghum),Other,FAQ,1000,1250,1120,27 May 2018
7,Nagpur,Katol,Jowar(Sorghum),Other,FAQ,1001,1001,1001,23 Dec 2020
8,Nagpur,Katol,Jowar(Sorghum),Other,FAQ,1010,1010,1010,30 Jan 2018
9,Nagpur,Katol,Jowar(Sorghum),Other,FAQ,1010,1071,1045,31 Jan 2018
10,Nagpur,Katol,Jowar(Sorghum),Other,FAQ,1015,1015,1015,01 Feb 2018
11,Nagpur,Katol,Jowar(Sorghum),Other,FAQ,1020,1020,1020,29 Jan 2018
12,Nagpur,Katol,Jowar(Sorghum),Other,FAQ,1021,1021,1021,12 Jan 2018
13,Nagpur,Katol,Jowar(Sorghum),Other,FAQ,1025,1025,1025,07 Aug 2018
14,Nagpur,Katol,Jowar(Sorghum),Other,FAQ,1031,1270,1080,05 Dec 2017
15,Nagpur,Katol,Jowar(Sorghum),Other,FAQ,1040,1041,1040,10 Jan 2018
16,Nagpur,Katol,Jowar(Sorghum),Other,FAQ,1040,1350,1230,05 Jan 2018
17,Nagpur,Katol,Jowar(Sorghum),Other,FAQ,1050,1050,1050,04 Jan 2018
18,Nagpur,Katol,Jowar(Sorghum),Other,FAQ,1051,1051,1051,08 Dec 2017
19,Nagpur,Katol,Jowar(Sorghum),Other,FAQ,1051,1051,1051,09 Jan 2018
20,Nagpur,Katol,Jowar(Sorghum),Other,FAQ,1051,1061,1055,01 Jan 2018
21,Nagpur,Katol,Jowar(Sorghum),Other,FAQ,1061,1061,1061,11 Dec 2017
22,Nagpur,Katol,Jowar(Sorghum),Other,FAQ,1061,1061,1061,26 Dec 2017
23,Nagpur,Katol,Jowar(Sorghum),Other,FAQ,1061,1061,1061,27 Dec 2017
24,Nagpur,Katol,Jowar(Sorghum),Other,FAQ,1070,1300,1220,15 Dec 2017
25,Nagpur,Katol,Jowar(Sorghum),Other,FAQ,1075,1200,1140,22 Jan 2018
26,Nagpur,Katol,Jowar(Sorghum),Other,FAQ,1080,1080,1080,06 Dec 2017
27,Nagpur,Katol,Jowar(Sorghum),Other,FAQ,1090,1591,1260,24 Nov 2017
28,Nagpur,Katol,Jowar(Sorghum),Other,FAQ,1100,1100,1100,10 Dec 2017
29,Nagpur,Katol,Jowar(Sorghum),Other,FAQ,1100,1100,1100,14 Oct 2021
30,Nagpur,Katol,Jowar(Sorghum),Other,FAQ,1100,1111,1107,17 Nov 2017
31,Nagpur,Katol,Jowar(Sorghum),Other,FAQ,1100,1169,1145,01 Nov 2017
32,Nagpur,Katol,Jowar(Sorghum),Other,FAQ,1100,1200,1150,20 Nov 2017
33,Nagpur,Katol,Jowar(Sorghum),Other,FAQ,1101,1161,1141,10 Nov 2017
34,Nagpur,Katol,Jowar(Sorghum),Other,FAQ,1111,1111,1111,27 Nov 2017
35,Nagpur,Katol,Jowar(Sorghum),Other,FAQ,1111,1111,1111,27 Oct 2017
36,Nagpur,Katol,Jowar(Sorghum),Other,FAQ,1115,1115,1115,09 Nov 2017
37,Nagpur,Katol,Jowar(Sorghum),Other,FAQ,1120,1120,1120,02 Nov 2017
38,Nagpur,Katol,Jowar(Sorghum),Other,FAQ,1120,1204,1160,15 Nov 2016
39,Nagpur,Katol,Jowar(Sorghum),Other,FAQ,1125,1140,1131,23 Nov 2017
40,Nagpur,Katol,Jowar(Sorghum),Other,FAQ,1125,1155,1136,16 Nov 2017
41,Nagpur,Katol,Jowar(Sorghum),Other,FAQ,1128,1128,1128,07 Nov 2017
42,Nagpur,Katol,Jowar(Sorghum),Other,FAQ,1129,1151,1135,14 Nov 2017
43,Nagpur,Katol,Jowar(Sorghum),Other,FAQ,1131,1340,1235,25 Oct 2016
44,Nagpur,Katol,Jowar(Sorghum),Other,FAQ,1135,1151,1145,15 Oct 2017
45,Nagpur,Katol,Jowar(Sorghum),Other,FAQ,1140,1140,1140,08 Oct 2017
46,Nagpur,Katol,Jowar(Sorghum),Other,FAQ,1141,1159,1151,24 Oct 2017
47,Nagpur,Katol,Jowar(Sorghum),Other,FAQ,1150,1150,1150,21 Oct 2021
48,Nagpur,Katol,Jowar(Sorghum),Other,FAQ,1150,1151,1151,23 Oct 2017
49,Nagpur,Katol,Jowar(Sorghum),Other,FAQ,1160,1166,1164,17 Oct 2017
50,Nagpur,Katol,Jowar(Sorghum),Other,FAQ,1160,1186,1172,17 Nov 2016
51,Nagpur,Katol,Jowar(Sorghum),Other,FAQ,1160,1200,1180,28 Oct 2016
52,Nagpur,Katol,Jowar(Sorghum),Other,FAQ,1161,1550,1320,25 Nov 2016
53,Nagpur,Katol,Jowar(Sorghum),Other,FAQ,1174,1174,1174,20 Nov 2016
54,Nagpur,Katol,Jowar(Sorghum),Other,FAQ,1179,1179,1179,21 Nov 2016
55,Nagpur,Katol,Jowar(Sorghum),Other,FAQ,1180,1181,1180,23 Nov 2016
56,Nagpur,Katol,Jowar(Sorghum),Other,FAQ,1180,1300,1250,05 Dec 2016
57,Nagpur,Katol,Jowar(Sorghum),Other,FAQ,1181,1271,1240,10 Oct 2017
58,Nagpur,Katol,Jowar(Sorghum),Other,FAQ,1191,1200,1195,29 Nov 2016
59,Nagpur,Katol,Jowar(Sorghum),Other,FAQ,1200,1275,1245,17 Dec 2017
60,Nagpur,Katol,Jowar(Sorghum),Other,FAQ,1210,1230,1220,27 Oct 2016
61,Nagpur,Katol,Jowar(Sorghum),Other,FAQ,1225,1225,1225,12 Sep 2017
62,Nagpur,Katol,Jowar(Sorghum),Other,FAQ,1230,1400,1350,05 Apr 2017
63,Nagpur,Katol,Jowar(Sorghum),Other,FAQ,1240,1250,1245,28 Nov 2016
64,Nagpur,Katol,Jowar(Sorghum),Other,FAQ,1240,1300,1260,14 Dec 2016
65,Nagpur,Katol,Jowar(Sorghum),Other,FAQ,1246,1246,1246,11 Dec 2016
66,Nagpur,Katol,Jowar(Sorghum),Other,FAQ,1251,1251,1251,15 Apr 2019
67,Nagpur,Katol,Jowar(Sorghum),Other,FAQ,1253,1290,1275,06 Dec 2016
68,Nagpur,Katol,Jowar(Sorghum),Other,FAQ,1264,1264,1264,04 Jan 2017
69,Nagpur,Katol,Jowar(Sorghum),Other,FAQ,1270,1733,1540,02 May 2017
70,Nagpur,Katol,Jowar(Sorghum),Other,FAQ,1271,1379,1330,13 Jan 2017
71,Nagpur,Katol,Jowar(Sorghum),Other,FAQ,1271,1521,1440,14 Feb 2017
72,Nagpur,Katol,Jowar(Sorghum),Other,FAQ,1275,1275,1275,31 Jan 2017
73,Nagpur,Katol,Jowar(Sorghum),Other,FAQ,1281,1460,1330,19 Jan 2017
74,Nagpur,Katol,Jowar(Sorghum),Other,FAQ,1300,1300,1300,05 Nov 2018
75,Nagpur,Katol,Jowar(Sorghum),Other,FAQ,1300,1300,1300,15 Jun 2017
76,Nagpur,Katol,Jowar(Sorghum),Other,FAQ,1300,1300,1300,17 Feb 2017
77,Nagpur,Katol,Jowar(Sorghum),Other,FAQ,1300,1300,1300,18 Nov 2021
78,Nagpur,Katol,Jowar(Sorghum),Other,FAQ,1300,1300,1300,31 Jul 2020
79,Nagpur,Katol,Jowar(Sorghum),Other,FAQ,1300,1550,1400,05 Feb 2017
80,Nagpur,Katol,Jowar(Sorghum),Other,FAQ,1300,1700,1500,17 Apr 2017
81,Nagpur,Katol,Jowar(Sorghum),Other,FAQ,1301,1301,1301,03 Aug 2021
82,Nagpur,Katol,Jowar(Sorghum),Other,FAQ,1301,1301,1301,31 May 2017
83,Nagpur,Katol,Jowar(Sorghum),Other,FAQ,1311,1781,1540,27 Apr 2017
84,Nagpur,Katol,Jowar(Sorghum),Other,FAQ,1321,1360,1340,25 Sep 2017
85,Nagpur,Katol,Jowar(Sorghum),Other,FAQ,1325,1325,1325,04 Sep 2017
86,Nagpur,Katol,Jowar(Sorghum),Other,FAQ,1325,1350,1335,13 Jun 2017
87,Nagpur,Katol,Jowar(Sorghum),Other,FAQ,1325,1450,1375,27 Aug 2017
88,Nagpur,Katol,Jowar(Sorghum),Other,FAQ,1331,1331,1331,26 May 2017
89,Nagpur,Katol,Jowar(Sorghum),Other,FAQ,1338,1338,1338,18 Nov 2016
90,Nagpur,Katol,Jowar(Sorghum),Other,FAQ,1340,1450,1390,03 Aug 2017
91,Nagpur,Katol,Jowar(Sorghum),Other,FAQ,1350,1350,1350,28 Aug 2017
92,Nagpur,Katol,Jowar(Sorghum),Other,FAQ,1350,1411,1390,18 Aug 2017
93,Nagpur,Katol,Jowar(Sorghum),Other,FAQ,1351,1351,1351,18 Jul 2017
94,Nagpur,Katol,Jowar(Sorghum),Other,FAQ,1351,1518,1445,17 Jan 2017
95,Nagpur,Katol,Jowar(Sorghum),Other,FAQ,1385,1385,1385,03 Feb 2017
96,Nagpur,Katol,Jowar(Sorghum),Other,FAQ,1386,1500,1430,10 Aug 2017
97,Nagpur,Katol,Jowar(Sorghum),Other,FAQ,1390,1801,1650,12 May 2017
98,Nagpur,Katol,Jowar(Sorghum),Other,FAQ,1400,1400,1400,13 Aug 2017
99,Nagpur,Katol,Jowar(Sorghum),Other,FAQ,1400,1400,1400,18 May 2017
100,Nagpur,Katol,Jowar(Sorghum),Other,FAQ,1409,1409,1409,13 Feb 2017
101,Nagpur,Katol,Jowar(Sorghum),Other,FAQ,1410,1700,1630,31 Jul 2017
102,Nagpur,Katol,Jowar(Sorghum),Other,FAQ,1411,1411,1411,29 Aug 2017
103,Nagpur,Katol,Jowar(Sorghum),Other,FAQ,1426,1426,1426,21 Feb 2017
104,Nagpur,Katol,Jowar(Sorghum),Other,FAQ,1500,1500,1500,02 Jan 2017
105,Nagpur,Katol,Jowar(Sorghum),Other,FAQ,1500,1500,1500,03 May 2017
106,Nagpur,Katol,Jowar(Sorghum),Other,FAQ,1500,1741,1630,31 Dec 2019
107,Nagpur,Katol,Jowar(Sorghum),Other,FAQ,1531,1531,1531,10 Jul 2017
108,Nagpur,Katol,Jowar(Sorghum),Other,FAQ,1551,1551,1551,01 Feb 2017
109,Nagpur,Katol,Jowar(Sorghum),Other,FAQ,1591,1591,1591,22 Dec 2016
110,Nagpur,Katol,Jowar(Sorghum),Other,FAQ,1700,1700,1700,17 Dec 2019
111,Nagpur,Katol,Jowar(Sorghum),Other,FAQ,1750,1750,1750,19 Jul 2017
112,Nagpur,Katol,Jowar(Sorghum),Other,FAQ,1750,1750,1750,25 Feb 2019
113,Nagpur,Katol,Jowar(Sorghum),Other,FAQ,1851,1851,1851,25 Feb 2022
114,Nagpur,Katol,Jowar(Sorghum),Other,FAQ,2000,2091,2050,24 Apr 2022
115,Nagpur,Katol,Jowar(Sorghum),Other,FAQ,2590,2590,2590,02 May 2024
116,Nagpur,Katol,Jowar(Sorghum),Other,FAQ,2900,2900,2900,13 Jun 2023
117,Nagpur,Nagpur,Jowar(Sorghum),Other,FAQ,1000,2500,2125,15 Jan 2018
118,Nagpur,Nagpur,Jowar(Sorghum),Other,FAQ,1200,1500,1425,29 Aug 2020
119,Nagpur,Nagpur,Jowar(Sorghum),Other,FAQ,1200,1500,1425,31 Aug 2020
120,Nagpur,Nagpur,Jowar(Sorghum),Other,FAQ,1300,1500,1450,22 Jul 2020
121,Nagpur,Nagpur,Jowar(Sorghum),Other,FAQ,1500,1800,1721,02 Aug 2017
122,Nagpur,Nagpur,Jowar(Sorghum),Other,FAQ,1500,1800,1725,01 Aug 2017
123,Nagpur,Nagpur,Jowar(Sorghum),Other,FAQ,1500,1800,1725,05 Dec 2016
124,Nagpur,Nagpur,Jowar(Sorghum),Other,FAQ,1500,1800,1725,26 Nov 2016
125,Nagpur,Nagpur,Jowar(Sorghum),Other,FAQ,1500,2000,1875,12 Jun 2017
126,Nagpur,Nagpur,Jowar(Sorghum),Other,FAQ,1500,2000,1875,14 Dec 2016
127,Nagpur,Nagpur,Jowar(Sorghum),Other,FAQ,1500,2000,1875,15 Jul 2017
128,Nagpur,Nagpur,Jowar(Sorghum),Other,FAQ,1500,2000,1875,24 Nov 2016
129,Nagpur,Nagpur,Jowar(Sorghum),Other,FAQ,1500,2000,1875,29 Aug 2017
130,Nagpur,Nagpur,Jowar(Sorghum),Other,FAQ,1500,2000,1875,30 Aug 2017
131,Nagpur,Nagpur,Jowar(Sorghum),Other,FAQ,1500,2200,2025,23 Jun 2017
132,Nagpur,Nagpur,Jowar(Sorghum),Other,FAQ,1600,2000,1900,02 Feb 2018
133,Nagpur,Nagpur,Jowar(Sorghum),Other,FAQ,1600,2000,1900,05 Feb 2018
134,Nagpur,Nagpur,Jowar(Sorghum),Other,FAQ,1600,2000,1900,06 Feb 2018
135,Nagpur,Nagpur,Jowar(Sorghum),Other,FAQ,1600,2000,1900,07 Oct 2017
136,Nagpur,Nagpur,Jowar(Sorghum),Other,FAQ,1600,2000,1900,19 Jan 2018
137,Nagpur,Nagpur,Jowar(Sorghum),Other,FAQ,1600,2000,1900,21 Aug 2017
138,Nagpur,Nagpur,Jowar(Sorghum),Other,FAQ,1600,2000,1900,24 Aug 2017
139,Nagpur,Nagpur,Jowar(Sorghum),Other,FAQ,1600,2000,1900,24 Dec 2019
140,Nagpur,Nagpur,Jowar(Sorghum),Other,FAQ,1600,2000,1900,25 Dec 2017
141,Nagpur,Nagpur,Jowar(Sorghum),Other,FAQ,1600,2000,1900,27 Jan 2020
142,Nagpur,Nagpur,Jowar(Sorghum),Other,FAQ,1600,2100,1975,01 Mar 2017
143,Nagpur,Nagpur,Jowar(Sorghum),Other,FAQ,1600,2200,2050,14 Jan 2017
144,Nagpur,Nagpur,Jowar(Sorghum),Other,FAQ,1600,2200,2050,26 Aug 2017
145,Nagpur,Nagpur,Jowar(Sorghum),Other,FAQ,1600,2400,2200,19 May 2017
146,Nagpur,Nagpur,Jowar(Sorghum),Other,FAQ,1650,2200,2062,09 Mar 2017
147,Nagpur,Nagpur,Jowar(Sorghum),Other,FAQ,1650,2200,2075,11 Mar 2017
148,Nagpur,Nagpur,Jowar(Sorghum),Other,FAQ,1650,2200,2100,02 Mar 2017
149,Nagpur,Nagpur,Jowar(Sorghum),Other,FAQ,1650,2200,2100,03 Mar 2017
150,Nagpur,Nagpur,Jowar(Sorghum),Other,FAQ,1650,2200,2100,04 Mar 2017
151,Nagpur,Nagpur,Jowar(Sorghum),Other,FAQ,1650,2200,2125,07 Jul 2017
152,Nagpur,Nagpur,Jowar(Sorghum),Other,FAQ,1650,2400,2212,23 Mar 2017
153,Nagpur,Nagpur,Jowar(Sorghum),Other,FAQ,1700,2000,1900,27 Jan 2018
154,Nagpur,Nagpur,Jowar(Sorghum),Other,FAQ,1700,2000,1925,10 Feb 2018
155,Nagpur,Nagpur,Jowar(Sorghum),Other,FAQ,1700,2000,1925,17 Feb 2018
156,Nagpur,Nagpur,Jowar(Sorghum),Other,FAQ,1700,2000,1925,19 Feb 2018
157,Nagpur,Nagpur,Jowar(Sorghum),Other,FAQ,1700,2000,1925,21 Aug 2018
158,Nagpur,Nagpur,Jowar(Sorghum),Other,FAQ,1700,2200,2075,22 Feb 2018
159,Nagpur,Nagpur,Jowar(Sorghum),Other,FAQ,1700,2200,2075,25 Jan 2018
160,Nagpur,Nagpur,Jowar(Sorghum),Other,FAQ,1700,2200,2075,26 Feb 2018
161,Nagpur,Nagpur,Jowar(Sorghum),Other,FAQ,1700,2400,2225,05 May 2017
162,Nagpur,Nagpur,Jowar(Sorghum),Other,FAQ,1700,2400,2225,07 Apr 2017
163,Nagpur,Nagpur,Jowar(Sorghum),Other,FAQ,1700,2400,2225,10 Apr 2017
164,Nagpur,Nagpur,Jowar(Sorghum),Other,FAQ,1700,2400,2225,13 Apr 2017
165,Nagpur,Nagpur,Jowar(Sorghum),Other,FAQ,1700,2400,2225,18 May 2017
166,Nagpur,Nagpur,Jowar(Sorghum),Other,FAQ,1700,2400,2225,20 Apr 2017
167,Nagpur,Nagpur,Jowar(Sorghum),Other,FAQ,1700,2400,2225,24 Mar 2017
168,Nagpur,Nagpur,Jowar(Sorghum),Other,FAQ,1700,2400,2225,25 Mar 2017
169,Nagpur,Nagpur,Jowar(Sorghum),Other,FAQ,1700,2400,2225,29 Apr 2017
170,Nagpur,Nagpur,Jowar(Sorghum),Other,FAQ,1700,2600,2375,12 May 2017
171,Nagpur,Nagpur,Jowar(Sorghum),Other,FAQ,1800,2000,1950,03 Dec 2018
172,Nagpur,Nagpur,Jowar(Sorghum),Other,FAQ,1800,2000,1950,03 Oct 2018
173,Nagpur,Nagpur,Jowar(Sorghum),Other,FAQ,1800,2000,1950,09 Mar 2018
174,Nagpur,Nagpur,Jowar(Sorghum),Other,FAQ,1800,2000,1950,10 Mar 2018
175,Nagpur,Nagpur,Jowar(Sorghum),Other,FAQ,1800,2000,1950,17 Aug 2018
176,Nagpur,Nagpur,Jowar(Sorghum),Other,FAQ,1800,2000,1950,21 Apr 2018
177,Nagpur,Nagpur,Jowar(Sorghum),Other,FAQ,1800,2000,1950,26 Sep 2018
178,Nagpur,Nagpur,Jowar(Sorghum),Other,FAQ,1800,2200,1900,21 Mar 2018
179,Nagpur,Nagpur,Jowar(Sorghum),Other,FAQ,1800,2200,2100,01 Mar 2018
180,Nagpur,Nagpur,Jowar(Sorghum),Other,FAQ,1800,2200,2100,03 Apr 2018
181,Nagpur,Nagpur,Jowar(Sorghum),Other,FAQ,1800,2200,2100,03 Aug 2018
182,Nagpur,Nagpur,Jowar(Sorghum),Other,FAQ,1800,2200,2100,03 Jan 2019
183,Nagpur,Nagpur,Jowar(Sorghum),Other,FAQ,1800,2200,2100,04 Apr 2018
184,Nagpur,Nagpur,Jowar(Sorghum),Other,FAQ,1800,2200,2100,05 Apr 2018
185,Nagpur,Nagpur,Jowar(Sorghum),Other,FAQ,1800,2200,2100,06 Apr 2018
186,Nagpur,Nagpur,Jowar(Sorghum),Other,FAQ,1800,2200,2100,06 Mar 2018
187,Nagpur,Nagpur,Jowar(Sorghum),Other,FAQ,1800,2200,2100,07 Apr 2018
188,Nagpur,Nagpur,Jowar(Sorghum),Other,FAQ,1800,2200,2100,07 Mar 2018
189,Nagpur,Nagpur,Jowar(Sorghum),Other,FAQ,1800,2200,2100,08 Mar 2018
190,Nagpur,Nagpur,Jowar(Sorghum),Other,FAQ,1800,2200,2100,10 Apr 2018
191,Nagpur,Nagpur,Jowar(Sorghum),Other,FAQ,1800,2200,2100,10 Jan 2019
192,Nagpur,Nagpur,Jowar(Sorghum),Other,FAQ,1800,2200,2100,11 Apr 2018
193,Nagpur,Nagpur,Jowar(Sorghum),Other,FAQ,1800,2200,2100,12 Apr 2018
194,Nagpur,Nagpur,Jowar(Sorghum),Other,FAQ,1800,2200,2100,13 Apr 2018
195,Nagpur,Nagpur,Jowar(Sorghum),Other,FAQ,1800,2200,2100,13 Mar 2018
196,Nagpur,Nagpur,Jowar(Sorghum),Other,FAQ,1800,2200,2100,17 Oct 2018
197,Nagpur,Nagpur,Jowar(Sorghum),Other,FAQ,1800,2200,2100,19 Apr 2018
198,Nagpur,Nagpur,Jowar(Sorghum),Other,FAQ,1800,2200,2100,20 Apr 2018
199,Nagpur,Nagpur,Jowar(Sorghum),Other,FAQ,1800,2200,2100,22 Mar 2018
200,Nagpur,Nagpur,Jowar(Sorghum),Other,FAQ,1800,2200,2100,23 Mar 2018
201,Nagpur,Nagpur,Jowar(Sorghum),Other,FAQ,1800,2200,2100,24 Mar 2018
202,Nagpur,Nagpur,Jowar(Sorghum),Other,FAQ,1800,2200,2100,27 Apr 2018
203,Nagpur,Nagpur,Jowar(Sorghum),Other,FAQ,1800,2200,2100,27 Feb 2018
204,Nagpur,Nagpur,Jowar(Sorghum),Other,FAQ,1800,2200,2100,28 Mar 2018
205,Nagpur,Nagpur,Jowar(Sorghum),Other,FAQ,1800,2200,2100,29 Mar 2018
206,Nagpur,Nagpur,Jowar(Sorghum),Other,FAQ,1800,2300,2175,16 Apr 2018
207,Nagpur,Nagpur,Jowar(Sorghum),Other,FAQ,1800,2400,2250,24 Apr 2018
208,Nagpur,Nagpur,Jowar(Sorghum),Other,FAQ,1900,2100,2050,23 Mar 2020
209,Nagpur,Nagpur,Jowar(Sorghum),Other,FAQ,1900,2200,2125,18 Mar 2020
210,Nagpur,Nagpur,Jowar(Sorghum),Other,FAQ,2000,2075,2056,28 Dec 2018
211,Nagpur,Nagpur,Jowar(Sorghum),Other,FAQ,2000,2100,2075,19 Jun 2018
212,Nagpur,Nagpur,Jowar(Sorghum),Other,FAQ,2000,2200,2150,03 May 2018
213,Nagpur,Nagpur,Jowar(Sorghum),Other,FAQ,2000,2200,2150,03 Sep 2021
214,Nagpur,Nagpur,Jowar(Sorghum),Other,FAQ,2000,2200,2150,06 Dec 2021
215,Nagpur,Nagpur,Jowar(Sorghum),Other,FAQ,2000,2200,2150,06 Sep 2021
216,Nagpur,Nagpur,Jowar(Sorghum),Other,FAQ,2000,2200,2150,07 Feb 2020
217,Nagpur,Nagpur,Jowar(Sorghum),Other,FAQ,2000,2200,2150,08 May 2018
218,Nagpur,Nagpur,Jowar(Sorghum),Other,FAQ,2000,2200,2150,10 Dec 2018
219,Nagpur,Nagpur,Jowar(Sorghum),Other,FAQ,2000,2200,2150,11 Jan 2019
220,Nagpur,Nagpur,Jowar(Sorghum),Other,FAQ,2000,2200,2150,17 Feb 2020
221,Nagpur,Nagpur,Jowar(Sorghum),Other,FAQ,2000,2200,2150,24 Aug 2021
222,Nagpur,Nagpur,Jowar(Sorghum),Other,FAQ,2000,2200,2150,28 Apr 2018
223,Nagpur,Nagpur,Jowar(Sorghum),Other,FAQ,2000,2200,2150,28 Oct 2020
224,Nagpur,Nagpur,Jowar(Sorghum),Other,FAQ,2000,2200,2150,30 Oct 2018
225,Nagpur,Nagpur,Jowar(Sorghum),Other,FAQ,2000,2300,2150,06 Feb 2021
226,Nagpur,Nagpur,Jowar(Sorghum),Other,FAQ,2000,2300,2225,09 May 2018
227,Nagpur,Nagpur,Jowar(Sorghum),Other,FAQ,2000,2300,2225,11 May 2018
228,Nagpur,Nagpur,Jowar(Sorghum),Other,FAQ,2000,2300,2250,06 Mar 2020
229,Nagpur,Nagpur,Jowar(Sorghum),Other,FAQ,2000,2400,2300,17 Apr 2018
230,Nagpur,Nagpur,Jowar(Sorghum),Other,FAQ,2100,2300,2225,12 May 2018
231,Nagpur,Nagpur,Jowar(Sorghum),Other,FAQ,2100,2300,2250,10 May 2018
232,Nagpur,Nagpur,Jowar(Sorghum),Other,FAQ,2100,2300,2250,16 May 2018
233,Nagpur,Nagpur,Jowar(Sorghum),Other,FAQ,2100,2300,2250,18 May 2018
234,Nagpur,Nagpur,Jowar(Sorghum),Other,FAQ,2100,2400,2325,02 Mar 2020
235,Nagpur,Nagpur,Jowar(Sorghum),Other,FAQ,2100,2400,2325,22 Feb 2021
236,Nagpur,Nagpur,Jowar(Sorghum),Other,FAQ,2200,2400,2300,23 May 2018
237,Nagpur,Nagpur,Jowar(Sorghum),Other,FAQ,2200,2400,2350,01 Feb 2019
238,Nagpur,Nagpur,Jowar(Sorghum),Other,FAQ,2200,2400,2350,02 Feb 2019
239,Nagpur,Nagpur,Jowar(Sorghum),Other,FAQ,2200,2400,2350,05 Feb 2019
240,Nagpur,Nagpur,Jowar(Sorghum),Other,FAQ,2200,2400,2350,10 Aug 2021
241,Nagpur,Nagpur,Jowar(Sorghum),Other,FAQ,2200,2400,2350,11 Feb 2019
242,Nagpur,Nagpur,Jowar(Sorghum),Other,FAQ,2200,2400,2350,13 Feb 2019
243,Nagpur,Nagpur,Jowar(Sorghum),Other,FAQ,2200,2400,2350,17 May 2018
244,Nagpur,Nagpur,Jowar(Sorghum),Other,FAQ,2200,2400,2350,21 May 2018
245,Nagpur,Nagpur,Jowar(Sorghum),Other,FAQ,2200,2400,2350,30 Apr 2019
246,Nagpur,Nagpur,Jowar(Sorghum),Other,FAQ,2200,2500,2350,08 Mar 2022
247,Nagpur,Nagpur,Jowar(Sorghum),Other,FAQ,2200,2500,2350,11 Jun 2022
248,Nagpur,Nagpur,Jowar(Sorghum),Other,FAQ,2200,2500,2350,17 May 2022
249,Nagpur,Nagpur,Jowar(Sorghum),Other,FAQ,2200,2500,2425,01 Feb 2021
250,Nagpur,Nagpur,Jowar(Sorghum),Other,FAQ,2200,2500,2425,01 Mar 2021
251,Nagpur,Nagpur,Jowar(Sorghum),Other,FAQ,2200,2500,2425,02 Feb 2021
252,Nagpur,Nagpur,Jowar(Sorghum),Other,FAQ,2200,2500,2425,02 Mar 2022
253,Nagpur,Nagpur,Jowar(Sorghum),Other,FAQ,2200,2500,2425,03 Mar 2021
254,Nagpur,Nagpur,Jowar(Sorghum),Other,FAQ,2200,2500,2425,04 Mar 2021
255,Nagpur,Nagpur,Jowar(Sorghum),Other,FAQ,2200,2500,2425,04 Mar 2022
256,Nagpur,Nagpur,Jowar(Sorghum),Other,FAQ,2200,2500,2425,05 Feb 2021
257,Nagpur,Nagpur,Jowar(Sorghum),Other,FAQ,2200,2500,2425,05 Mar 2021
258,Nagpur,Nagpur,Jowar(Sorghum),Other,FAQ,2200,2500,2425,06 Apr 2022
259,Nagpur,Nagpur,Jowar(Sorghum),Other,FAQ,2200,2500,2425,06 Mar 2021
260,Nagpur,Nagpur,Jowar(Sorghum),Other,FAQ,2200,2500,2425,08 Mar 2021
261,Nagpur,Nagpur,Jowar(Sorghum),Other,FAQ,2200,2500,2425,10 Mar 2021
262,Nagpur,Nagpur,Jowar(Sorghum),Other,FAQ,2200,2500,2425,11 May 2021
263,Nagpur,Nagpur,Jowar(Sorghum),Other,FAQ,2200,2500,2425,12 Mar 2021
264,Nagpur,Nagpur,Jowar(Sorghum),Other,FAQ,2200,2500,2425,14 Jan 2021
265,Nagpur,Nagpur,Jowar(Sorghum),Other,FAQ,2200,2500,2425,15 Feb 2021
266,Nagpur,Nagpur,Jowar(Sorghum),Other,FAQ,2200,2500,2425,15 Mar 2021
267,Nagpur,Nagpur,Jowar(Sorghum),Other,FAQ,2200,2500,2425,16 Feb 2019
268,Nagpur,Nagpur,Jowar(Sorghum),Other,FAQ,2200,2500,2425,16 Feb 2021
269,Nagpur,Nagpur,Jowar(Sorghum),Other,FAQ,2200,2500,2425,17 Apr 2021
270,Nagpur,Nagpur,Jowar(Sorghum),Other,FAQ,2200,2500,2425,17 Feb 2021
271,Nagpur,Nagpur,Jowar(Sorghum),Other,FAQ,2200,2500,2425,18 Jan 2021
272,Nagpur,Nagpur,Jowar(Sorghum),Other,FAQ,2200,2500,2425,19 Feb 2019
273,Nagpur,Nagpur,Jowar(Sorghum),Other,FAQ,2200,2500,2425,19 Jun 2021
274,Nagpur,Nagpur,Jowar(Sorghum),Other,FAQ,2200,2500,2425,20 May 2021
275,Nagpur,Nagpur,Jowar(Sorghum),Other,FAQ,2200,2500,2425,22 Apr 2021
276,Nagpur,Nagpur,Jowar(Sorghum),Other,FAQ,2200,2500,2425,22 Jun 2021
277,Nagpur,Nagpur,Jowar(Sorghum),Other,FAQ,2200,2500,2425,23 Feb 2021
278,Nagpur,Nagpur,Jowar(Sorghum),Other,FAQ,2200,2500,2425,23 Jan 2021
279,Nagpur,Nagpur,Jowar(Sorghum),Other,FAQ,2200,2500,2425,24 Feb 2021
280,Nagpur,Nagpur,Jowar(Sorghum),Other,FAQ,2200,2500,2425,25 Apr 2022
281,Nagpur,Nagpur,Jowar(Sorghum),Other,FAQ,2200,2500,2425,25 Feb 2021
282,Nagpur,Nagpur,Jowar(Sorghum),Other,FAQ,2200,2500,2425,25 Jan 2021
283,Nagpur,Nagpur,Jowar(Sorghum),Other,FAQ,2200,2500,2425,26 Mar 2021
284,Nagpur,Nagpur,Jowar(Sorghum),Other,FAQ,2200,2500,2425,27 Feb 2021
285,Nagpur,Nagpur,Jowar(Sorghum),Other,FAQ,2200,2500,2425,27 Mar 2021
286,Nagpur,Nagpur,Jowar(Sorghum),Other,FAQ,2200,2500,2425,28 Apr 2022
287,Nagpur,Nagpur,Jowar(Sorghum),Other,FAQ,2200,2500,2425,28 Feb 2019
288,Nagpur,Nagpur,Jowar(Sorghum),Other,FAQ,2200,2500,2425,29 Jan 2021
289,Nagpur,Nagpur,Jowar(Sorghum),Other,FAQ,2200,2500,2450,12 Feb 2021
290,Nagpur,Nagpur,Jowar(Sorghum),Other,FAQ,2200,2500,2475,30 Aug 2021
291,Nagpur,Nagpur,Jowar(Sorghum),Other,FAQ,2300,2500,2450,20 Jan 2021
292,Nagpur,Nagpur,Jowar(Sorghum),Other,FAQ,2300,2500,2450,21 Jan 2021
293,Nagpur,Nagpur,Jowar(Sorghum),Other,FAQ,2300,2500,2450,27 Feb 2019
294,Nagpur,Nagpur,Jowar(Sorghum),Other,FAQ,2300,2500,2450,30 Mar 2019
295,Nagpur,Nagpur,Jowar(Sorghum),Other,FAQ,2300,2500,2475,11 Feb 2021
296,Nagpur,Nagpur,Jowar(Sorghum),Other,FAQ,2300,2600,2525,03 Feb 2021
297,Nagpur,Nagpur,Jowar(Sorghum),Other,FAQ,2300,2600,2525,05 Apr 2019
298,Nagpur,Nagpur,Jowar(Sorghum),Other,FAQ,2300,2600,2525,08 Mar 2019
299,Nagpur,Nagpur,Jowar(Sorghum),Other,FAQ,2300,2600,2525,08 May 2019
300,Nagpur,Nagpur,Jowar(Sorghum),Other,FAQ,2300,2600,2525,10 Feb 2021
301,Nagpur,Nagpur,Jowar(Sorghum),Other,FAQ,2300,2600,2525,11 Jun 2019
302,Nagpur,Nagpur,Jowar(Sorghum),Other,FAQ,2300,2600,2525,12 Apr 2021
303,Nagpur,Nagpur,Jowar(Sorghum),Other,FAQ,2300,2600,2525,13 Jun 2019
304,Nagpur,Nagpur,Jowar(Sorghum),Other,FAQ,2300,2600,2525,21 Feb 2019
305,Nagpur,Nagpur,Jowar(Sorghum),Other,FAQ,2300,2600,2525,22 Feb 2019
306,Nagpur,Nagpur,Jowar(Sorghum),Other,FAQ,2300,2600,2525,25 Apr 2019
307,Nagpur,Nagpur,Jowar(Sorghum),Other,FAQ,2300,2600,2525,28 Mar 2019
308,Nagpur,Nagpur,Jowar(Sorghum),Other,FAQ,2300,2600,2525,29 Feb 2020
309,Nagpur,Nagpur,Jowar(Sorghum),Other,FAQ,2300,2600,2525,29 Mar 2019
310,Nagpur,Nagpur,Jowar(Sorghum),Other,FAQ,2300,2700,2525,26 Mar 2019
311,Nagpur,Nagpur,Jowar(Sorghum),Other,FAQ,2400,2600,2550,06 Feb 2019
312,Nagpur,Nagpur,Jowar(Sorghum),Other,FAQ,2400,2600,2550,10 Mar 2022
313,Nagpur,Nagpur,Jowar(Sorghum),Other,FAQ,2400,2700,2625,08 Feb 2022
314,Nagpur,Nagpur,Jowar(Sorghum),Other,FAQ,2400,2700,2625,12 Jul 2019
315,Nagpur,Nagpur,Jowar(Sorghum),Other,FAQ,2400,3000,2850,01 Jan 2021
316,Nagpur,Nagpur,Jowar(Sorghum),Other,FAQ,2500,2700,2650,25 Feb 2022
317,Nagpur,Nagpur,Jowar(Sorghum),Other,FAQ,2500,2800,2725,19 Apr 2022
318,Nagpur,Nagpur,Jowar(Sorghum),Other,FAQ,2600,2800,2750,06 Nov 2024
319,Nagpur,Nagpur,Jowar(Sorghum),Other,FAQ,2600,2800,2750,08 Nov 2024
320,Nagpur,Nagpur,Jowar(Sorghum),Other,FAQ,2600,2800,2750,09 Nov 2024
321,Nagpur,Nagpur,Jowar(Sorghum),Other,FAQ,2600,2800,2750,11 Nov 2024
322,Nagpur,Nagpur,Jowar(Sorghum),Other,FAQ,2600,2800,2750,27 Nov 2024
323,Nagpur,Nagpur,Jowar(Sorghum),Other,FAQ,2600,3000,2900,22 Nov 2024
324,Nagpur,Nagpur,Jowar(Sorghum),Other,FAQ,2700,2900,2850,09 Mar 2020
325,Nagpur,Nagpur,Jowar(Sorghum),Other,FAQ,2800,3000,2950,03 Oct 2024
326,Nagpur,Nagpur,Jowar(Sorghum),Other,FAQ,2800,3000,2950,10 Nov 2023
327,Nagpur,Nagpur,Jowar(Sorghum),Other,FAQ,2800,3000,2950,11 Sep 2023
328,Nagpur,Nagpur,Jowar(Sorghum),Other,FAQ,2800,3000,2950,13 Apr 2023
329,Nagpur,Nagpur,Jowar(Sorghum),Other,FAQ,2800,3000,2950,20 Dec 2023
330,Nagpur,Nagpur,Jowar(Sorghum),Other,FAQ,2800,3000,2950,21 Dec 2024
331,Nagpur,Nagpur,Jowar(Sorghum),Other,FAQ,2800,3000,2950,24 Mar 2023
332,Nagpur,Nagpur,Jowar(Sorghum),Other,FAQ,2800,3200,3100,15 Apr 2023
333,Nagpur,Nagpur,Jowar(Sorghum),Other,FAQ,3000,3200,3150,02 Sep 2024
334,Nagpur,Nagpur,Jowar(Sorghum),Other,FAQ,3000,3200,3150,03 Jul 2024
335,Nagpur,Nagpur,Jowar(Sorghum),Other,FAQ,3000,3200,3150,14 Aug 2024
336,Nagpur,Nagpur,Jowar(Sorghum),Other,FAQ,3000,3200,3150,17 Jan 2025
337,Nagpur,Nagpur,Jowar(Sorghum),Other,FAQ,3000,3200,3150,20 Sep 2024
338,Nagpur,Nagpur,Jowar(Sorghum),Other,FAQ,3000,3200,3150,21 Aug 2024
339,Nagpur,Nagpur,Jowar(Sorghum),Other,FAQ,3000,3200,3150,21 Feb 2024
340,Nagpur,Nagpur,Jowar(Sorghum),Other,FAQ,3000,3200,3150,23 Sep 2024
341,Nagpur,Nagpur,Jowar(Sorghum),Other,FAQ,3000,3200,3150,26 Dec 2024
342,Nagpur,Nagpur,Jowar(Sorghum),Other,FAQ,3000,3200,3150,29 Aug 2024
343,Nagpur,Nagpur,Jowar(Sorghum),Other,FAQ,3000,3300,3225,14 Sep 2023
344,Nagpur,Nagpur,Jowar(Sorghum),Other,FAQ,3100,3500,3400,01 Apr 2024
345,Nagpur,Nagpur,Jowar(Sorghum),Other,FAQ,3200,3400,3350,01 Apr 2023
346,Nagpur,Nagpur,Jowar(Sorghum),Other,FAQ,3200,3400,3350,03 May 2023
347,Nagpur,Nagpur,Jowar(Sorghum),Other,FAQ,3200,3400,3350,04 May 2024
348,Nagpur,Nagpur,Jowar(Sorghum),Other,FAQ,3200,3400,3350,05 Apr 2023
349,Nagpur,Nagpur,Jowar(Sorghum),Other,FAQ,3200,3400,3350,06 Apr 2023
350,Nagpur,Nagpur,Jowar(Sorghum),Other,FAQ,3200,3400,3350,06 Jan 2025
351,Nagpur,Nagpur,Jowar(Sorghum),Other,FAQ,3200,3400,3350,08 Apr 2023
352,Nagpur,Nagpur,Jowar(Sorghum),Other,FAQ,3200,3400,3350,08 Jul 2024
353,Nagpur,Nagpur,Jowar(Sorghum),Other,FAQ,3200,3400,3350,09 Jan 2025
354,Nagpur,Nagpur,Jowar(Sorghum),Other,FAQ,3200,3400,3350,10 Apr 2023
355,Nagpur,Nagpur,Jowar(Sorghum),Other,FAQ,3200,3400,3350,10 Jan 2025
356,Nagpur,Nagpur,Jowar(Sorghum),Other,FAQ,3200,3400,3350,11 Jul 2024
357,Nagpur,Nagpur,Jowar(Sorghum),Other,FAQ,3200,3400,3350,12 Jul 2024
358,Nagpur,Nagpur,Jowar(Sorghum),Other,FAQ,3200,3400,3350,12 Jun 2024
359,Nagpur,Nagpur,Jowar(Sorghum),Other,FAQ,3200,3400,3350,14 Jan 2025
360,Nagpur,Nagpur,Jowar(Sorghum),Other,FAQ,3200,3400,3350,14 Jun 2024
361,Nagpur,Nagpur,Jowar(Sorghum),Other,FAQ,3200,3400,3350,15 Jun 2024
362,Nagpur,Nagpur,Jowar(Sorghum),Other,FAQ,3200,3400,3350,15 May 2024
363,Nagpur,Nagpur,Jowar(Sorghum),Other,FAQ,3200,3400,3350,17 May 2024
364,Nagpur,Nagpur,Jowar(Sorghum),Other,FAQ,3200,3400,3350,18 Apr 2023
365,Nagpur,Nagpur,Jowar(Sorghum),Other,FAQ,3200,3400,3350,18 Jun 2024
366,Nagpur,Nagpur,Jowar(Sorghum),Other,FAQ,3200,3400,3350,19 Jun 2024
367,Nagpur,Nagpur,Jowar(Sorghum),Other,FAQ,3200,3400,3350,20 May 2024
368,Nagpur,Nagpur,Jowar(Sorghum),Other,FAQ,3200,3400,3350,21 Apr 2023
369,Nagpur,Nagpur,Jowar(Sorghum),Other,FAQ,3200,3400,3350,21 Jun 2024
370,Nagpur,Nagpur,Jowar(Sorghum),Other,FAQ,3200,3400,3350,21 May 2024
371,Nagpur,Nagpur,Jowar(Sorghum),Other,FAQ,3200,3400,3350,22 May 2024
372,Nagpur,Nagpur,Jowar(Sorghum),Other,FAQ,3200,3400,3350,24 May 2024
373,Nagpur,Nagpur,Jowar(Sorghum),Other,FAQ,3200,3400,3350,25 Jul 2024
374,Nagpur,Nagpur,Jowar(Sorghum),Other,FAQ,3200,3400,3350,25 Jun 2024
375,Nagpur,Nagpur,Jowar(Sorghum),Other,FAQ,3200,3400,3350,25 May 2024
376,Nagpur,Nagpur,Jowar(Sorghum),Other,FAQ,3200,3400,3350,27 May 2024
377,Nagpur,Nagpur,Jowar(Sorghum),Other,FAQ,3200,3400,3350,28 Apr 2023
378,Nagpur,Nagpur,Jowar(Sorghum),Other,FAQ,3200,3400,3350,29 May 2024
379,Nagpur,Nagpur,Jowar(Sorghum),Other,FAQ,3200,3400,3350,31 Jul 2024
380,Nagpur,Nagpur,Jowar(Sorghum),Other,FAQ,3200,3400,3350,31 May 2024
381,Nagpur,Nagpur,Jowar(Sorghum),Other,FAQ,3200,3500,3425,06 Jul 2024
382,Nagpur,Nagpur,Jowar(Sorghum),Other,FAQ,3200,3500,3425,06 Mar 2024
383,Nagpur,Nagpur,Jowar(Sorghum),Other,FAQ,3200,3500,3425,08 Jun 2023
384,Nagpur,Nagpur,Jowar(Sorghum),Other,FAQ,3200,3500,3425,08 Jun 2024
385,Nagpur,Nagpur,Jowar(Sorghum),Other,FAQ,3200,3500,3425,10 Jun 2024
386,Nagpur,Nagpur,Jowar(Sorghum),Other,FAQ,3200,3500,3425,11 Jun 2024
387,Nagpur,Nagpur,Jowar(Sorghum),Other,FAQ,3200,3500,3425,12 Apr 2023
388,Nagpur,Nagpur,Jowar(Sorghum),Other,FAQ,3200,3500,3425,19 Mar 2024
389,Nagpur,Nagpur,Jowar(Sorghum),Other,FAQ,3200,3500,3425,20 Mar 2024
390,Nagpur,Nagpur,Jowar(Sorghum),Other,FAQ,3200,3600,3500,26 Apr 2024
391,Nagpur,Nagpur,Jowar(Sorghum),Other,FAQ,3200,3600,3550,14 May 2024
392,Nagpur,Nagpur,Jowar(Sorghum),Other,FAQ,3200,3600,3550,27 Apr 2024
393,Nagpur,Nagpur,Jowar(Sorghum),Other,FAQ,3300,3500,3425,03 Apr 2023
394,Nagpur,Nagpur,Jowar(Sorghum),Other,FAQ,3300,3500,3450,15 May 2023
395,Nagpur,Nagpur,Jowar(Sorghum),Other,FAQ,3300,3500,3450,20 Apr 2023
396,Nagpur,Nagpur,Jowar(Sorghum),Other,FAQ,3300,3500,3450,29 Apr 2023
397,Nagpur,Nagpur,Jowar(Sorghum),Other,FAQ,3300,3500,3450,30 Dec 2024
398,Nagpur,Nagpur,Jowar(Sorghum),Other,FAQ,3300,3600,3525,05 Apr 2024
399,Nagpur,Nagpur,Jowar(Sorghum),Other,FAQ,3371,3400,3380,24 Jan 2025
400,Nagpur,Nagpur,Jowar(Sorghum),Other,FAQ,3400,3600,3500,13 Apr 2024
401,Nagpur,Nagpur,Jowar(Sorghum),Other,FAQ,3400,3600,3550,02 Apr 2024
402,Nagpur,Nagpur,Jowar(Sorghum),Other,FAQ,3400,3600,3550,02 Mar 2024
403,Nagpur,Nagpur,Jowar(Sorghum),Other,FAQ,3400,3600,3550,02 May 2024
404,Nagpur,Nagpur,Jowar(Sorghum),Other,FAQ,3400,3600,3550,03 Apr 2024
405,Nagpur,Nagpur,Jowar(Sorghum),Other,FAQ,3400,3600,3550,03 Jun 2024
406,Nagpur,Nagpur,Jowar(Sorghum),Other,FAQ,3400,3600,3550,03 May 2024
407,Nagpur,Nagpur,Jowar(Sorghum),Other,FAQ,3400,3600,3550,04 Apr 2024
408,Nagpur,Nagpur,Jowar(Sorghum),Other,FAQ,3400,3600,3550,04 May 2023
409,Nagpur,Nagpur,Jowar(Sorghum),Other,FAQ,3400,3600,3550,05 Feb 2025
410,Nagpur,Nagpur,Jowar(Sorghum),Other,FAQ,3400,3600,3550,05 May 2025
411,Nagpur,Nagpur,Jowar(Sorghum),Other,FAQ,3400,3600,3550,06 Apr 2024
412,Nagpur,Nagpur,Jowar(Sorghum),Other,FAQ,3400,3600,3550,07 Mar 2024
413,Nagpur,Nagpur,Jowar(Sorghum),Other,FAQ,3400,3600,3550,07 May 2024
414,Nagpur,Nagpur,Jowar(Sorghum),Other,FAQ,3400,3600,3550,08 Apr 2024
415,Nagpur,Nagpur,Jowar(Sorghum),Other,FAQ,3400,3600,3550,08 May 2024
416,Nagpur,Nagpur,Jowar(Sorghum),Other,FAQ,3400,3600,3550,09 Mar 2024
417,Nagpur,Nagpur,Jowar(Sorghum),Other,FAQ,3400,3600,3550,09 May 2023
418,Nagpur,Nagpur,Jowar(Sorghum),Other,FAQ,3400,3600,3550,09 May 2024
419,Nagpur,Nagpur,Jowar(Sorghum),Other,FAQ,3400,3600,3550,10 May 2024
420,Nagpur,Nagpur,Jowar(Sorghum),Other,FAQ,3400,3600,3550,11 Apr 2023
421,Nagpur,Nagpur,Jowar(Sorghum),Other,FAQ,3400,3600,3550,11 Jan 2025
422,Nagpur,Nagpur,Jowar(Sorghum),Other,FAQ,3400,3600,3550,11 May 2023
423,Nagpur,Nagpur,Jowar(Sorghum),Other,FAQ,3400,3600,3550,12 Mar 2024
424,Nagpur,Nagpur,Jowar(Sorghum),Other,FAQ,3400,3600,3550,13 Mar 2024
425,Nagpur,Nagpur,Jowar(Sorghum),Other,FAQ,3400,3600,3550,13 May 2024
426,Nagpur,Nagpur,Jowar(Sorghum),Other,FAQ,3400,3600,3550,14 Mar 2024
427,Nagpur,Nagpur,Jowar(Sorghum),Other,FAQ,3400,3600,3550,15 Mar 2024
428,Nagpur,Nagpur,Jowar(Sorghum),Other,FAQ,3400,3600,3550,16 Jan 2025
429,Nagpur,Nagpur,Jowar(Sorghum),Other,FAQ,3400,3600,3550,16 Mar 2024
430,Nagpur,Nagpur,Jowar(Sorghum),Other,FAQ,3400,3600,3550,16 May 2024
431,Nagpur,Nagpur,Jowar(Sorghum),Other,FAQ,3400,3600,3550,17 Feb 2024
432,Nagpur,Nagpur,Jowar(Sorghum),Other,FAQ,3400,3600,3550,18 Mar 2024
433,Nagpur,Nagpur,Jowar(Sorghum),Other,FAQ,3400,3600,3550,18 May 2024
434,Nagpur,Nagpur,Jowar(Sorghum),Other,FAQ,3400,3600,3550,21 Mar 2024
435,Nagpur,Nagpur,Jowar(Sorghum),Other,FAQ,3400,3600,3550,23 Mar 2024
436,Nagpur,Nagpur,Jowar(Sorghum),Other,FAQ,3400,3600,3550,24 Jun 2024
437,Nagpur,Nagpur,Jowar(Sorghum),Other,FAQ,3400,3600,3550,25 Apr 2024
438,Nagpur,Nagpur,Jowar(Sorghum),Other,FAQ,3400,3600,3550,26 Mar 2024
439,Nagpur,Nagpur,Jowar(Sorghum),Other,FAQ,3400,3600,3550,29 Apr 2024
440,Nagpur,Nagpur,Jowar(Sorghum),Other,FAQ,3400,3600,3550,30 Apr 2024
441,Nagpur,Nagpur,Jowar(Sorghum),Other,FAQ,3400,3600,3550,30 Mar 2024
442,Nagpur,Nagpur,Jowar(Sorghum),Other,FAQ,3400,3600,3550,30 May 2024
443,Nagpur,Nagpur,Jowar(Sorghum),Other,FAQ,3400,3700,3625,28 May 2024
444,Nagpur,Nagpur,Jowar(Sorghum),Other,FAQ,3500,3600,3550,01 Mar 2024
445,Nagpur,Nagpur,Jowar(Sorghum),Other,FAQ,3500,3800,3725,04 Mar 2024
446,Nagpur,Nagpur,Jowar(Sorghum),Other,FAQ,3500,3800,3725,15 Apr 2024
447,Nagpur,Nagpur,Jowar(Sorghum),Other,FAQ,4000,4400,4300,08 Jan 2025
448,Nagpur,Nagpur,Jowar(Sorghum),Other,Local,3000,3200,3150,01 Apr 2025
449,Nagpur,Nagpur,Jowar(Sorghum),Other,Local,3000,3200,3150,05 Apr 2025
450,Nagpur,Nagpur,Jowar(Sorghum),Other,Local,3000,3200,3150,07 May 2025
451,Nagpur,Nagpur,Jowar(Sorghum),Other,Local,3000,3200,3150,09 Apr 2025
452,Nagpur,Nagpur,Jowar(Sorghum),Other,Local,3000,3200,3150,17 Apr 2025
453,Nagpur,Nagpur,Jowar(Sorghum),Other,Local,3000,3200,3150,22 Apr 2025
454,Nagpur,Nagpur,Jowar(Sorghum),Other,Local,3000,3200,3150,22 Mar 2025
455,Nagpur,Nagpur,Jowar(Sorghum),Other,Local,3000,3200,3150,24 Apr 2025
456,Nagpur,Nagpur,Jowar(Sorghum),Other,Local,3000,3200,3150,24 Mar 2025
457,Nagpur,Nagpur,Jowar(Sorghum),Other,Local,3000,3200,3150,25 Apr 2025
458,Nagpur,Nagpur,Jowar(Sorghum),Other,Local,3000,3200,3150,26 May 2025
459,Nagpur,Nagpur,Jowar(Sorghum),Other,Local,3000,3200,3150,27 Mar 2025
460,Nagpur,Nagpur,Jowar(Sorghum),Other,Local,3000,3200,3150,29 Mar 2025
461,Nagpur,Nagpur,Jowar(Sorghum),Other,Local,3100,3300,3250,15 May 2025
462,Nagpur,Nagpur,Jowar(Sorghum),Other,Local,3200,3400,3350,08 May 2025
463,Nagpur,Nagpur,Jowar(Sorghum),Other,Local,3200,3400,3350,09 May 2025
464,Nagpur,Nagpur,Jowar(Sorghum),Other,Local,3200,3400,3350,10 Apr 2025
465,Nagpur,Nagpur,Jowar(Sorghum),Other,Local,3200,3400,3350,10 May 2025
466,Nagpur,Nagpur,Jowar(Sorghum),Other,Local,3200,3400,3350,11 Apr 2025
467,Nagpur,Nagpur,Jowar(Sorghum),Other,Local,3200,3400,3350,11 Mar 2025
468,Nagpur,Nagpur,Jowar(Sorghum),Other,Local,3200,3400,3350,16 May 2025
469,Nagpur,Nagpur,Jowar(Sorghum),Other,Local,3200,3400,3350,17 May 2025
470,Nagpur,Nagpur,Jowar(Sorghum),Other,Local,3200,3400,3350,18 Apr 2025
471,Nagpur,Nagpur,Jowar(Sorghum),Other,Local,3200,3400,3350,19 Apr 2025
472,Nagpur,Nagpur,Jowar(Sorghum),Other,Local,3200,3400,3350,20 Mar 2025
473,Nagpur,Nagpur,Jowar(Sorghum),Other,Local,3200,3400,3350,21 Mar 2025
474,Nagpur,Nagpur,Jowar(Sorghum),Other,Local,3200,3400,3350,23 Apr 2025
475,Nagpur,Nagpur,Jowar(Sorghum),Other,Local,3200,3400,3350,26 Apr 2025
476,Nagpur,Nagpur,Jowar(Sorghum),Other,Local,3200,3500,3350,16 Apr 2025
477,Nagpur,Nagpur,Jowar(Sorghum),Other,Local,3200,3500,3425,02 Apr 2025
478,Nagpur,Nagpur,Jowar(Sorghum),Other,Local,3200,3500,3425,03 Apr 2025
479,Nagpur,Nagpur,Jowar(Sorghum),Other,Local,3200,3500,3425,04 Apr 2025
480,Nagpur,Nagpur,Jowar(Sorghum),Other,Local,3200,3500,3425,04 Feb 2025
481,Nagpur,Nagpur,Jowar(Sorghum),Other,Local,3200,3500,3425,06 May 2025
482,Nagpur,Nagpur,Jowar(Sorghum),Other,Non-FAQ,3000,3200,3150,03 Jun 2025
483,Nagpur,Nagpur,Jowar(Sorghum),Other,Non-FAQ,3000,3200,3150,03 May 2025
484,Nagpur,Nagpur,Jowar(Sorghum),Other,Non-FAQ,3000,3200,3150,04 Jun 2025
485,Nagpur,Nagpur,Jowar(Sorghum),Other,Non-FAQ,3000,3200,3150,08 Apr 2025
486,Nagpur,Nagpur,Jowar(Sorghum),Other,Non-FAQ,3000,3200,3150,17 Feb 2025
487,Nagpur,Nagpur,Jowar(Sorghum),Other,Non-FAQ,3000,3200,3150,18 Feb 2025
488,Nagpur,Nagpur,Jowar(Sorghum),Other,Non-FAQ,3000,3200,3150,21 Apr 2025
489,Nagpur,Nagpur,Jowar(Sorghum),Other,Non-FAQ,3000,3200,3150,21 May 2025
490,Nagpur,Nagpur,Jowar(Sorghum),Other,Non-FAQ,3000,3200,3150,25 Mar 2025
491,Nagpur,Nagpur,Jowar(Sorghum),Other,Non-FAQ,3000,3200,3150,28 May 2025
492,Nagpur,Nagpur,Jowar(Sorghum),Other,Non-FAQ,3000,3200,3150,31 Mar 2025
493,Nagpur,Nagpur,Jowar(Sorghum),Other,Non-FAQ,3100,3300,3150,13 May 2025
494,Nagpur,Nagpur,Jowar(Sorghum),Other,Non-FAQ,3100,3300,3250,07 Apr 2025
495,Nagpur,Nagpur,Jowar(Sorghum),Other,Non-FAQ,3200,3300,3275,07 Mar 2025
496,Nagpur,Nagpur,Jowar(Sorghum),Other,Non-FAQ,3200,3370,3327,10 Mar 2025
497,Nagpur,Nagpur,Jowar(Sorghum),Other,Non-FAQ,3320,3370,3351,30 Jan 2025
498,Nagpur,Ramtek,Jowar(Sorghum),Other,FAQ,1551,1611,1581,22 Apr 2018
499,Nagpur,Savner,Jowar(Sorghum),Other,FAQ,800,1000,1000,25 Oct 2017
500,Nagpur,Savner,Jowar(Sorghum),Other,FAQ,800,1230,1230,04 May 2018
501,Nagpur,Savner,Jowar(Sorghum),Other,FAQ,820,1065,1000,03 Nov 2017
502,Nagpur,Savner,Jowar(Sorghum),Other,FAQ,970,970,970,14 Jul 2021
503,Nagpur,Savner,Jowar(Sorghum),Other,FAQ,990,1025,1012,08 Nov 2016
504,Nagpur,Savner,Jowar(Sorghum),Other,FAQ,1001,1050,1030,07 Nov 2016
505,Nagpur,Savner,Jowar(Sorghum),Other,FAQ,1015,1513,1300,27 Nov 2017
506,Nagpur,Savner,Jowar(Sorghum),Other,FAQ,1065,1065,1065,18 Jun 2021
507,Nagpur,Savner,Jowar(Sorghum),Other,FAQ,1070,1070,1070,04 Dec 2017
508,Nagpur,Savner,Jowar(Sorghum),Other,FAQ,1070,1070,1070,09 Sep 2020
509,Nagpur,Savner,Jowar(Sorghum),Other,FAQ,1100,1100,1100,17 Jan 2018
510,Nagpur,Savner,Jowar(Sorghum),Other,FAQ,1180,1250,1220,24 Oct 2016
511,Nagpur,Savner,Jowar(Sorghum),Other,FAQ,1200,1200,1200,15 Jan 2018
512,Nagpur,Savner,Jowar(Sorghum),Other,FAQ,1200,1200,1200,18 Jan 2017
513,Nagpur,Savner,Jowar(Sorghum),Other,FAQ,1200,1205,1205,26 Nov 2016
514,Nagpur,Savner,Jowar(Sorghum),Other,FAQ,1213,1213,1213,18 Nov 2016
515,Nagpur,Savner,Jowar(Sorghum),Other,FAQ,1220,1250,1250,02 Jan 2017
516,Nagpur,Savner,Jowar(Sorghum),Other,FAQ,1225,1225,1225,28 Oct 2021
517,Nagpur,Savner,Jowar(Sorghum),Other,FAQ,1227,1227,1227,20 Feb 2018
518,Nagpur,Savner,Jowar(Sorghum),Other,FAQ,1230,1837,1600,16 Dec 2016
519,Nagpur,Savner,Jowar(Sorghum),Other,FAQ,1250,1250,1250,03 Dec 2016
520,Nagpur,Savner,Jowar(Sorghum),Other,FAQ,1265,1340,1300,02 Dec 2016
521,Nagpur,Savner,Jowar(Sorghum),Other,FAQ,1300,1445,1390,30 Nov 2016
522,Nagpur,Savner,Jowar(Sorghum),Other,FAQ,1315,1315,1315,16 Jan 2018
523,Nagpur,Savner,Jowar(Sorghum),Other,FAQ,1350,1350,1350,11 Jul 2022
524,Nagpur,Savner,Jowar(Sorghum),Other,FAQ,1370,1400,1385,06 Jan 2018
525,Nagpur,Savner,Jowar(Sorghum),Other,FAQ,1400,1400,1400,09 May 2017
526,Nagpur,Savner,Jowar(Sorghum),Other,FAQ,1400,1400,1400,10 Nov 2017
527,Nagpur,Savner,Jowar(Sorghum),Other,FAQ,1401,1770,1770,15 Apr 2022
528,Nagpur,Savner,Jowar(Sorghum),Other,FAQ,1401,1770,1770,16 Apr 2022
529,Nagpur,Savner,Jowar(Sorghum),Other,FAQ,1450,1650,1600,22 Jan 2022
530,Nagpur,Savner,Jowar(Sorghum),Other,FAQ,1454,1454,1454,15 Feb 2018
531,Nagpur,Savner,Jowar(Sorghum),Other,FAQ,1460,1460,1460,14 Feb 2017
532,Nagpur,Savner,Jowar(Sorghum),Other,FAQ,1500,1500,1500,17 Feb 2022
533,Nagpur,Savner,Jowar(Sorghum),Other,FAQ,1500,1500,1500,18 Jun 2022
534,Nagpur,Savner,Jowar(Sorghum),Other,FAQ,1500,1500,1500,31 May 2017
535,Nagpur,Savner,Jowar(Sorghum),Other,FAQ,1501,1501,1501,11 Nov 2019
536,Nagpur,Savner,Jowar(Sorghum),Other,FAQ,1513,1900,1775,18 Dec 2019
537,Nagpur,Savner,Jowar(Sorghum),Other,FAQ,1523,1523,1523,18 Apr 2022
538,Nagpur,Savner,Jowar(Sorghum),Other,FAQ,1525,1525,1525,14 Jan 2020
539,Nagpur,Savner,Jowar(Sorghum),Other,FAQ,1550,1550,1550,12 Nov 2019
540,Nagpur,Savner,Jowar(Sorghum),Other,FAQ,1595,1809,1809,05 Dec 2017
541,Nagpur,Savner,Jowar(Sorghum),Other,FAQ,1600,1600,1600,14 Jan 2022
542,Nagpur,Savner,Jowar(Sorghum),Other,FAQ,1602,1602,1602,07 Dec 2016
543,Nagpur,Savner,Jowar(Sorghum),Other,FAQ,1625,1625,1625,28 Jan 2022
544,Nagpur,Savner,Jowar(Sorghum),Other,FAQ,1675,1949,1750,06 May 2021
545,Nagpur,Savner,Jowar(Sorghum),Other,FAQ,1681,1681,1681,25 Nov 2019
546,Nagpur,Savner,Jowar(Sorghum),Other,FAQ,1695,1695,1695,24 Jan 2020
547,Nagpur,Savner,Jowar(Sorghum),Other,FAQ,1733,1758,1745,09 Jan 2020
548,Nagpur,Savner,Jowar(Sorghum),Other,FAQ,1793,1844,1820,20 Dec 2019
549,Nagpur,Savner,Jowar(Sorghum),Other,FAQ,1798,1800,1800,30 Dec 2019
550,Nagpur,Savner,Jowar(Sorghum),Other,FAQ,1829,1893,1860,23 Dec 2019
551,Nagpur,Savner,Jowar(Sorghum),Other,FAQ,1870,2028,1950,17 Dec 2019
552,Nagpur,Savner,Jowar(Sorghum),Other,FAQ,1900,1900,1900,25 Jun 2024
553,Nagpur,Savner,Jowar(Sorghum),Other,FAQ,1900,1900,1900,29 Mar 2019
554,Nagpur,Savner,Jowar(Sorghum),Other,FAQ,1900,2154,2050,14 Dec 2019
555,Nagpur,Savner,Jowar(Sorghum),Other,FAQ,1950,1950,1950,27 Dec 2019
556,Nagpur,Savner,Jowar(Sorghum),Other,FAQ,2000,2600,2600,11 May 2024
557,Nagpur,Savner,Jowar(Sorghum),Other,FAQ,2050,2050,2050,07 Jun 2024
558,Nagpur,Savner,Jowar(Sorghum),Other,FAQ,2225,2225,2225,06 Dec 2019
559,Nagpur,Savner,Jowar(Sorghum),Other,FAQ,2250,2651,2450,16 Dec 2019
560,Nagpur,Savner,Jowar(Sorghum),Other,FAQ,2260,2260,2260,08 Jun 2024
561,Nagpur,Savner,Jowar(Sorghum),Other,FAQ,2300,2300,2300,25 Oct 2024
562,Nagpur,Savner,Jowar(Sorghum),Other,FAQ,2390,2390,2390,13 Dec 2019
563,Nagpur,Savner,Jowar(Sorghum),Other,FAQ,2595,2595,2595,13 May 2024
564,Nagpur,Savner,Jowar(Sorghum),Other,FAQ,2640,2640,2640,29 May 2024
565,Nagpur,Savner,Jowar(Sorghum),Other,FAQ,3390,3390,3390,14 Dec 2023
566,Nagpur,Savner,Jowar(Sorghum),Other,Local,1744,2175,2175,31 May 2025
567,Nagpur,Savner,Jowar(Sorghum),Other,Local,1900,1900,1900,30 May 2025
568,Nagpur,Savner,Jowar(Sorghum),Other,Local,1950,2100,2100,03 Jun 2025
569,Nagpur,Savner,Jowar(Sorghum),Other,Local,2130,2130,2130,02 Jun 2025
570,Nagpur,Savner,Jowar(Sorghum),Other,Local,2350,2350,2350,21 May 2025
571,Nagpur,Umared,Jowar(Sorghum),Other,FAQ,2000,2300,2200,12 Apr 2018
572,Nagpur,Umared,Jowar(Sorghum),Other,FAQ,2200,2200,2200,04 May 2017
573,Nagpur,Umared,Jowar(Sorghum),Other,FAQ,2200,2500,2300,19 Apr 2018
574,Nagpur,Umared,Jowar(Sorghum),Other,FAQ,2200,2500,2400,27 Apr 2017
575,Nagpur,Umared,Jowar(Sorghum),Other,FAQ,2200,3000,2500,14 May 2022
576,Nagpur,Umared,Jowar(Sorghum),Other,FAQ,2300,2500,2400,21 Apr 2018
577,Nagpur,Umared,Jowar(Sorghum),Other,FAQ,2300,3000,2500,28 Apr 2018
578,Nagpur,Umared,Jowar(Sorghum),Other,FAQ,2350,2350,2350,19 Jan 2019
579,Nagpur,Umared,Jowar(Sorghum),Other,FAQ,2400,2600,2500,26 Sep 2020
580,Nagpur,Umared,Jowar(Sorghum),Other,FAQ,2400,3000,2700,18 Jul 2020
581,Nagpur,Umared,Jowar(Sorghum),Other,FAQ,2400,3000,2900,11 Jun 2020
582,Nagpur,Umared,Jowar(Sorghum),Other,FAQ,2500,2500,2500,09 May 2019
583,Nagpur,Umared,Jowar(Sorghum),Other,FAQ,2500,2600,2550,03 Oct 2020
584,Nagpur,Umared,Jowar(Sorghum),Other,FAQ,2500,3000,2800,11 May 2017
585,Nagpur,Umared,Jowar(Sorghum),Other,FAQ,2500,3000,2800,14 May 2020
586,Nagpur,Umared,Jowar(Sorghum),Other,FAQ,2500,3000,2800,16 May 2020
587,Nagpur,Umared,Jowar(Sorghum),Other,FAQ,2500,3200,3000,18 Apr 2020
588,Nagpur,Umared,Jowar(Sorghum),Other,FAQ,2600,2600,2600,30 Jul 2020
589,Nagpur,Umared,Jowar(Sorghum),Other,FAQ,2700,2700,2700,18 Apr 2019
590,Nagpur,Umared,Jowar(Sorghum),Other,FAQ,2800,2800,2800,04 Apr 2019
591,Nagpur,Umared,Jowar(Sorghum),Other,FAQ,2800,2800,2800,09 Apr 2019
592,Nagpur,Umared,Jowar(Sorghum),Other,FAQ,3000,3000,3000,12 Nov 2020
593,Nagpur,Umared,Jowar(Sorghum),Other,Local,3000,3500,3200,06 Mar 2025
