Sl_no,District Name,Market Name,Commodity,Variety,Grade,Min_Price,Max Price (Rs./Quintal),Modal_Price,Price_Date
456,Pune,Bhor,Rice,Other,FAQ,3500,4200,3800,2017-01-01
334,Pune,Nira(Saswad),Rice,Other,FAQ,2700,3500,3100,2017-01-04
104,Pune,Indapur(Bhigwan),Rice,1009 Kar,FAQ,1690,1705,1700,2017-01-08
333,Pune,Nira(Saswad),Rice,Other,FAQ,2200,3551,2875,2017-01-11
229,Pune,Bhor,Rice,Other,FAQ,3500,4200,4000,2017-01-15
425,Pune,Nira(Saswad),Rice,Other,FAQ,2000,3400,2850,2017-01-18
336,Pune,Nira(Saswad),Rice,Other,FAQ,2800,3521,3160,2017-01-25
13,Pune,Bhor,Rice,Other,FAQ,3500,4000,3800,2017-01-29
138,Pune,Nira(Saswad),Rice,Other,FAQ,3000,3521,3260,2017-02-01
259,Pune,Bhor,Rice,Other,FAQ,3600,4100,3800,2017-02-05
197,Pune,Nira(Saswad),Rice,Other,FAQ,2500,3500,3000,2017-02-08
367,Pune,Indapur(Bhigwan),Rice,1009 Kar,FAQ,1690,1701,1701,2017-02-12
196,Pune,Nira(Saswad),Rice,Other,FAQ,2000,3500,2750,2017-02-15
431,Pune,Pune,Rice,Other,FAQ,5500,8500,7100,2017-02-20
299,Pune,Nira(Saswad),Rice,Other,FAQ,2200,2500,2300,2017-02-22
330,Pune,Indapur(Bhigwan),Rice,1009 Kar,FAQ,1700,1800,1781,2017-02-26
492,Pune,Nira(Saswad),Rice,Other,FAQ,2200,3500,2850,2017-03-01
48,Pune,Indapur(Bhigwan),Rice,1009 Kar,FAQ,1750,1765,1762,2017-03-05
50,Pune,Nira(Saswad),Rice,Other,FAQ,2500,3551,3005,2017-03-08
12,Pune,Bhor,Rice,Other,FAQ,3500,4000,3600,2017-03-12
199,Pune,Nira(Saswad),Rice,Other,FAQ,3000,3800,3400,2017-03-15
47,Pune,Indapur(Bhigwan),Rice,1009 Kar,FAQ,1750,1760,1760,2017-03-19
338,Pune,Nira(Saswad),Rice,Other,FAQ,3000,3500,3250,2017-03-22
329,Pune,Indapur(Bhigwan),Rice,1009 Kar,FAQ,1700,1760,1725,2017-03-26
465,Pune,Nira(Saswad),Rice,Other,FAQ,3000,3500,3250,2017-03-29
234,Pune,Nira(Saswad),Rice,Other,FAQ,3000,3500,3250,2017-04-05
233,Pune,Nira(Saswad),Rice,Other,FAQ,2400,3500,2950,2017-04-12
45,Pune,Indapur(Bhigwan),Rice,1009 Kar,FAQ,1650,1781,1780,2017-04-23
139,Pune,Nira(Saswad),Rice,Other,FAQ,3275,3500,3387,2017-05-03
325,Pune,Baramati,Rice,Other,FAQ,1721,1801,1750,2017-05-08
339,Pune,Nira(Saswad),Rice,Other,FAQ,3000,3600,3300,2017-05-10
79,Pune,Nira(Saswad),Rice,Other,FAQ,3000,3500,3250,2017-05-17
292,Pune,Indapur(Bhigwan),Rice,1009 Kar,FAQ,1700,1765,1751,2017-05-21
494,Pune,Nira(Saswad),Rice,Other,FAQ,3000,3500,3250,2017-05-24
426,Pune,Nira(Saswad),Rice,Other,FAQ,2300,3500,2900,2017-05-31
346,Pune,Pune,Rice,Other,FAQ,5000,5500,5250,2017-06-01
77,Pune,Nira(Saswad),Rice,Other,FAQ,1800,2400,2100,2017-06-07
463,Pune,Nira(Saswad),Rice,Other,FAQ,2500,3500,3000,2017-06-14
14,Pune,Nira(Saswad),Rice,Other,FAQ,2700,3551,3175,2017-06-28
21,Pune,Pune,Rice,Other,FAQ,6000,10000,8000,2017-06-29
272,Pune,Pune,Rice,Other,FAQ,6000,10000,8000,2017-07-04
466,Pune,Nira(Saswad),Rice,Other,FAQ,3000,4500,3275,2017-07-05
496,Pune,Nira(Saswad),Rice,Other,FAQ,3000,3600,3300,2017-07-12
133,Pune,Indapur(Bhigwan),Rice,1009 Kar,FAQ,1711,1735,1731,2017-07-16
427,Pune,Nira(Saswad),Rice,Other,FAQ,3000,3600,3300,2017-07-19
303,Pune,Nira(Saswad),Rice,Other,FAQ,3200,3600,3400,2017-07-26
458,Pune,Indapur(Bhigwan),Rice,1009 Kar,FAQ,1680,1715,1715,2017-07-30
495,Pune,Nira(Saswad),Rice,Other,FAQ,3000,3600,3300,2017-08-02
371,Pune,Nira(Saswad),Rice,Other,FAQ,3000,3600,3300,2017-08-09
398,Pune,Nira(Saswad),Rice,Other,FAQ,2500,3600,3050,2017-08-16
198,Pune,Nira(Saswad),Rice,Other,FAQ,3000,3600,3300,2017-09-06
368,Pune,Nira(Saswad),Rice,Other,FAQ,2500,3600,3050,2017-09-27
165,Pune,Nira(Saswad),Rice,Other,FAQ,2800,3600,3200,2017-10-25
266,Pune,Nira(Saswad),Rice,Other,FAQ,3000,3600,3300,2017-11-08
267,Pune,Nira(Saswad),Rice,Other,FAQ,3000,3700,3350,2017-11-15
111,Pune,Nira(Saswad),Rice,Other,FAQ,2800,3700,3250,2017-11-22
110,Pune,Nira(Saswad),Rice,Other,FAQ,2700,3700,3200,2017-11-29
337,Pune,Nira(Saswad),Rice,Other,FAQ,2800,3600,3200,2017-12-06
335,Pune,Nira(Saswad),Rice,Other,FAQ,2700,3600,3000,2017-12-13
15,Pune,Nira(Saswad),Rice,Other,FAQ,2800,3700,3250,2017-12-20
464,Pune,Nira(Saswad),Rice,Other,FAQ,3000,3500,3250,2018-01-03
78,Pune,Nira(Saswad),Rice,Other,FAQ,2800,3600,3200,2018-01-10
370,Pune,Nira(Saswad),Rice,Other,FAQ,2800,3711,3255,2018-01-24
265,Pune,Nira(Saswad),Rice,Other,FAQ,2800,3700,3250,2018-02-07
301,Pune,Nira(Saswad),Rice,Other,FAQ,2800,3711,3255,2018-02-14
302,Pune,Nira(Saswad),Rice,Other,FAQ,3000,3700,3350,2018-02-21
112,Pune,Nira(Saswad),Rice,Other,FAQ,3000,3600,3300,2018-02-28
300,Pune,Nira(Saswad),Rice,Other,FAQ,2800,3700,3250,2018-03-21
271,Pune,Pune,Rice,Other,FAQ,5500,9000,7250,2018-04-17
235,Pune,Nira(Saswad),Rice,Other,FAQ,3000,3700,3350,2018-04-18
153,Pune,Baramati,Rice,Other,FAQ,1500,1500,1500,2018-06-04
493,Pune,Nira(Saswad),Rice,Other,FAQ,2800,3700,3250,2018-07-11
36,Pune,Baramati,Rice,Other,FAQ,1500,1500,1500,2018-07-19
38,Pune,Baramati,Rice,Other,FAQ,1750,1750,1750,2018-07-23
254,Pune,Baramati,Rice,Other,FAQ,1500,1500,1500,2018-07-30
318,Pune,Baramati,Rice,Other,FAQ,1500,1500,1500,2018-08-02
450,Pune,Baramati,Rice,Other,FAQ,1500,1500,1500,2018-08-13
340,Pune,Nira(Saswad),Rice,Other,FAQ,3000,4000,3500,2018-08-22
253,Pune,Baramati,Rice,Other,FAQ,1500,1500,1500,2018-08-23
155,Pune,Baramati,Rice,Other,FAQ,1700,1700,1700,2018-09-06
479,Pune,Baramati,Rice,Other,FAQ,1500,1500,1500,2018-09-11
319,Pune,Baramati,Rice,Other,FAQ,1500,1700,1500,2018-09-17
285,Pune,Baramati,Rice,Other,FAQ,1500,1500,1500,2018-09-27
96,Pune,Baramati,Rice,Other,FAQ,1500,1500,1500,2018-10-01
127,Pune,Baramati,Rice,Other,FAQ,1300,1600,1500,2018-10-11
360,Pune,Baramati,Rice,Other,FAQ,1500,1502,1502,2018-10-18
70,Pune,Baramati,Rice,Other,FAQ,1500,1500,1500,2018-10-22
443,Pune,Baramati,Rice,Other,FAQ,1300,1500,1500,2018-10-29
369,Pune,Nira(Saswad),Rice,Other,FAQ,2800,3700,3250,2018-11-21
230,Pune,Bhor,Rice,Other,FAQ,4000,4500,4200,2018-12-03
42,Pune,Bhor,Rice,Other,FAQ,4000,4500,4200,2018-12-09
101,Pune,Bhor,Rice,Other,FAQ,4000,4500,4200,2018-12-16
260,Pune,Bhor,Rice,Other,FAQ,4000,4500,4300,2018-12-23
483,Pune,Bhor,Rice,Other,FAQ,4000,4800,4500,2018-12-30
361,Pune,Baramati,Rice,Other,FAQ,1600,1950,1600,2019-01-03
102,Pune,Bhor,Rice,Other,FAQ,4000,4800,4400,2019-01-06
326,Pune,Bhor,Rice,Other,FAQ,4000,5000,4500,2019-01-13
321,Pune,Baramati,Rice,Other,FAQ,1600,1600,1600,2019-01-14
291,Pune,Bhor,Rice,Other,FAQ,4000,5000,4500,2019-01-20
391,Pune,Bhor,Rice,Other,FAQ,4000,5000,4500,2019-01-27
193,Pune,Bhor,Rice,Other,FAQ,4000,4800,4500,2019-02-03
154,Pune,Baramati,Rice,Other,FAQ,1600,1600,1600,2019-02-07
43,Pune,Bhor,Rice,Other,FAQ,4000,5000,4500,2019-02-10
231,Pune,Bhor,Rice,Other,FAQ,4000,5000,4500,2019-02-17
191,Pune,Baramati,Rice,Other,FAQ,1891,1891,1891,2019-02-18
75,Pune,Bhor,Rice,Other,FAQ,4000,5000,4500,2019-02-24
322,Pune,Baramati,Rice,Other,FAQ,1600,1780,1600,2019-02-25
484,Pune,Bhor,Rice,Other,FAQ,4000,5000,4500,2019-03-03
287,Pune,Baramati,Rice,Other,FAQ,1600,1600,1600,2019-04-15
72,Pune,Baramati,Rice,Other,FAQ,1600,1800,1600,2019-05-06
420,Pune,Baramati,Rice,Other,FAQ,1750,1800,1800,2019-06-27
225,Pune,Baramati,Rice,Other,FAQ,1800,1886,1885,2019-08-19
190,Pune,Baramati,Rice,Other,FAQ,1800,1860,1855,2019-10-17
103,Pune,Bhor,Rice,Other,FAQ,4500,5500,4800,2019-12-15
486,Pune,Bhor,Rice,Other,FAQ,4500,5500,4800,2019-12-22
286,Pune,Baramati,Rice,Other,FAQ,1500,1622,1622,2019-12-23
393,Pune,Bhor,Rice,Other,FAQ,4500,5500,4800,2019-12-29
328,Pune,Bhor,Rice,Other,FAQ,4300,5000,4600,2020-01-05
485,Pune,Bhor,Rice,Other,FAQ,4200,5000,4500,2020-01-12
263,Pune,Bhor,Rice,Other,FAQ,4500,5500,4800,2020-01-26
327,Pune,Bhor,Rice,Other,FAQ,4200,5500,4500,2020-02-02
261,Pune,Bhor,Rice,Other,FAQ,4500,5500,4800,2020-02-09
406,Pune,Pune,Rice,Other,FAQ,7500,9000,8250,2020-02-15
262,Pune,Bhor,Rice,Other,FAQ,4500,5500,4800,2020-02-16
473,Pune,Pune,Rice,Other,FAQ,8000,9500,8750,2020-02-17
373,Pune,Pune,Rice,Other,FAQ,2600,2700,2650,2020-02-18
86,Pune,Pune,Rice,Other,FAQ,7300,9700,8500,2020-02-20
175,Pune,Pune,Rice,Other,FAQ,7300,9700,8500,2020-02-21
140,Pune,Pune,Rice,Other,FAQ,2600,2900,2750,2020-02-22
157,Pune,Bhor,Rice,Other,FAQ,4500,5500,4800,2020-02-23
244,Pune,Pune,Rice,Other,FAQ,7500,9500,8500,2020-02-24
200,Pune,Pune,Rice,Other,FAQ,2600,2850,2750,2020-02-25
433,Pune,Pune,Rice,Other,FAQ,7000,9000,8000,2020-02-26
242,Pune,Pune,Rice,Other,FAQ,7200,9200,8200,2020-02-27
471,Pune,Pune,Rice,Other,FAQ,7400,9000,8200,2020-02-28
81,Pune,Pune,Rice,Other,FAQ,2650,2900,2800,2020-02-29
44,Pune,Bhor,Rice,Other,FAQ,4200,5000,4500,2020-03-01
114,Pune,Pune,Rice,Other,FAQ,2700,2850,2775,2020-03-02
169,Pune,Pune,Rice,Other,FAQ,3100,5700,4400,2020-03-03
434,Pune,Pune,Rice,Other,FAQ,7000,9500,8250,2020-03-05
236,Pune,Pune,Rice,Other,FAQ,2600,2800,2700,2020-03-07
392,Pune,Bhor,Rice,Other,FAQ,4300,4800,4500,2020-03-08
309,Pune,Pune,Rice,Other,FAQ,7000,9500,8250,2020-03-09
404,Pune,Pune,Rice,Other,FAQ,7000,9500,8250,2020-03-10
343,Pune,Pune,Rice,Other,FAQ,3200,5600,4400,2020-03-11
54,Pune,Pune,Rice,Other,FAQ,3100,5700,4400,2020-03-12
348,Pune,Pune,Rice,Other,FAQ,7000,8800,7900,2020-03-13
403,Pune,Pune,Rice,Other,FAQ,3300,5700,4500,2020-03-14
51,Pune,Pune,Rice,Other,FAQ,2600,2750,2675,2020-03-16
84,Pune,Pune,Rice,Other,FAQ,7000,9000,8000,2020-03-17
268,Pune,Pune,Rice,Other,FAQ,2550,2700,2650,2020-03-18
347,Pune,Pune,Rice,Other,FAQ,6600,9000,7800,2020-03-19
345,Pune,Pune,Rice,Other,FAQ,3400,5600,4500,2020-03-20
237,Pune,Pune,Rice,Other,FAQ,2600,2800,2700,2020-03-21
118,Pune,Pune,Rice,Other,FAQ,7500,9000,8250,2020-03-23
83,Pune,Pune,Rice,Other,FAQ,3100,5700,4400,2020-03-28
344,Pune,Pune,Rice,Other,FAQ,3200,5700,4450,2020-03-30
176,Pune,Pune,Rice,Other,FAQ,7500,9000,8250,2020-03-31
376,Pune,Pune,Rice,Other,FAQ,2700,2950,2850,2020-04-01
116,Pune,Pune,Rice,Other,FAQ,3400,5600,4500,2020-04-04
469,Pune,Pune,Rice,Other,FAQ,3500,5300,4400,2020-04-18
470,Pune,Pune,Rice,Other,FAQ,7100,8900,8000,2020-05-06
174,Pune,Pune,Rice,Other,FAQ,7100,8900,8000,2020-05-07
238,Pune,Pune,Rice,Other,FAQ,2800,3100,2950,2020-05-08
20,Pune,Pune,Rice,Other,FAQ,3400,5700,4550,2020-05-09
82,Pune,Pune,Rice,Other,FAQ,2750,3000,2875,2020-05-14
59,Pune,Pune,Rice,Other,FAQ,7000,9000,8000,2020-05-15
467,Pune,Pune,Rice,Other,FAQ,2750,3000,2875,2020-05-16
10,Pune,Baramati,Rice,Other,FAQ,1600,1600,1600,2020-05-18
22,Pune,Pune,Rice,Other,FAQ,7000,9000,8000,2020-05-25
428,Pune,Pune,Rice,Other,FAQ,2750,3000,2875,2020-05-26
170,Pune,Pune,Rice,Other,FAQ,3200,5500,4350,2020-05-27
307,Pune,Pune,Rice,Other,FAQ,3400,5500,4450,2020-05-28
304,Pune,Pune,Rice,Other,FAQ,2750,3100,2950,2020-05-29
498,Pune,Pune,Rice,Other,FAQ,2750,3100,2950,2020-05-30
172,Pune,Pune,Rice,Other,FAQ,6500,9100,7800,2020-06-01
308,Pune,Pune,Rice,Other,FAQ,3400,5600,4500,2020-06-02
432,Pune,Pune,Rice,Other,FAQ,6500,9100,7800,2020-06-03
168,Pune,Pune,Rice,Other,FAQ,2700,3000,2850,2020-06-04
57,Pune,Pune,Rice,Other,FAQ,6500,8800,7650,2020-06-05
377,Pune,Pune,Rice,Other,FAQ,2800,3100,2950,2020-06-06
499,Pune,Pune,Rice,Other,FAQ,7000,9500,8250,2020-06-08
58,Pune,Pune,Rice,Other,FAQ,6800,9500,8150,2020-06-09
143,Pune,Pune,Rice,Other,FAQ,6600,9300,7950,2020-06-10
375,Pune,Pune,Rice,Other,FAQ,2700,2900,2800,2020-06-11
56,Pune,Pune,Rice,Other,FAQ,3300,5700,4500,2020-06-12
117,Pune,Pune,Rice,Other,FAQ,7000,9000,8000,2020-06-13
497,Pune,Pune,Rice,Other,FAQ,2700,2900,2800,2020-06-15
400,Pune,Pune,Rice,Other,FAQ,2700,2900,2800,2020-06-16
171,Pune,Pune,Rice,Other,FAQ,3200,5700,4450,2020-06-17
144,Pune,Pune,Rice,Other,FAQ,7000,9200,8100,2020-06-18
273,Pune,Pune,Rice,Other,FAQ,7500,9000,8250,2020-06-20
18,Pune,Pune,Rice,Other,FAQ,3000,5600,4300,2020-06-22
472,Pune,Pune,Rice,Other,FAQ,7500,9800,8650,2020-06-23
85,Pune,Pune,Rice,Other,FAQ,7300,9500,8400,2020-06-24
405,Pune,Pune,Rice,Other,FAQ,7200,9000,8150,2020-06-25
17,Pune,Pune,Rice,Other,FAQ,2650,2800,2750,2020-06-26
52,Pune,Pune,Rice,Other,FAQ,2650,2800,2750,2020-06-27
430,Pune,Pune,Rice,Other,FAQ,3200,5800,4500,2020-06-29
142,Pune,Pune,Rice,Other,FAQ,3200,5600,4450,2020-06-30
24,Pune,Pune,Rice,Other,FAQ,7500,9500,8500,2020-07-01
202,Pune,Pune,Rice,Other,FAQ,7300,9300,8300,2020-07-02
141,Pune,Pune,Rice,Other,FAQ,3000,5500,4300,2020-07-03
374,Pune,Pune,Rice,Other,FAQ,2600,2800,2700,2020-07-04
239,Pune,Pune,Rice,Other,FAQ,3100,5500,4350,2020-07-06
23,Pune,Pune,Rice,Other,FAQ,7200,10000,8600,2020-07-07
241,Pune,Pune,Rice,Other,FAQ,7000,9500,8300,2020-07-08
113,Pune,Pune,Rice,Other,FAQ,2600,2850,2750,2020-07-09
115,Pune,Pune,Rice,Other,FAQ,3200,5200,4250,2020-07-10
468,Pune,Pune,Rice,Other,FAQ,3200,5200,4250,2020-07-11
353,Pune,Baramati,Rice,Other,FAQ,1300,1300,1300,2020-07-13
55,Pune,Pune,Rice,Other,FAQ,3200,5400,4350,2020-07-20
269,Pune,Pune,Rice,Other,FAQ,2700,2900,2850,2020-07-21
380,Pune,Pune,Rice,Other,FAQ,3600,5400,4500,2020-07-22
436,Pune,Pune,Rice,Other,FAQ,7300,9500,8450,2020-07-23
310,Pune,Pune,Rice,Other,FAQ,7500,9300,8400,2020-07-24
177,Pune,Pune,Rice,Other,FAQ,7500,9300,8400,2020-07-25
167,Pune,Pune,Rice,Other,FAQ,2550,2800,2675,2020-07-27
201,Pune,Pune,Rice,Other,FAQ,3500,5600,4600,2020-07-28
378,Pune,Pune,Rice,Other,FAQ,3300,5800,4600,2020-07-29
243,Pune,Pune,Rice,Other,FAQ,7500,9300,8450,2020-07-30
341,Pune,Pune,Rice,Other,FAQ,2700,3100,2950,2020-07-31
435,Pune,Pune,Rice,Other,FAQ,7300,9300,8350,2020-08-01
25,Pune,Pune,Rice,Other,FAQ,7500,9800,8700,2020-08-03
27,Pune,Pune,Rice,Other,FAQ,8000,10500,9300,2020-08-04
80,Pune,Pune,Rice,Other,FAQ,2400,2800,2650,2020-08-05
63,Pune,Baramati,Rice,Other,FAQ,1300,1300,1300,2020-08-06
119,Pune,Pune,Rice,Other,FAQ,7500,9500,8700,2020-08-07
120,Pune,Pune,Rice,Other,FAQ,7500,9800,8700,2020-08-08
399,Pune,Pune,Rice,Other,FAQ,2500,2700,2650,2020-08-10
240,Pune,Pune,Rice,Other,FAQ,3200,6000,4650,2020-08-11
270,Pune,Pune,Rice,Other,FAQ,3400,5800,4650,2020-08-12
87,Pune,Pune,Rice,Other,FAQ,7800,9800,8900,2020-08-13
19,Pune,Pune,Rice,Other,FAQ,3400,5600,4550,2020-08-14
379,Pune,Pune,Rice,Other,FAQ,3400,5600,4550,2020-08-17
26,Pune,Pune,Rice,Other,FAQ,7800,10000,8900,2020-08-18
401,Pune,Pune,Rice,Other,FAQ,3200,5600,4450,2020-08-19
342,Pune,Pune,Rice,Other,FAQ,3100,5800,4500,2020-08-20
16,Pune,Pune,Rice,Other,FAQ,2600,2900,2750,2020-08-21
121,Pune,Pune,Rice,Other,FAQ,7600,9500,8600,2020-08-22
145,Pune,Pune,Rice,Other,FAQ,8500,10500,9550,2020-08-24
372,Pune,Pune,Rice,Other,FAQ,2500,2700,2650,2020-08-27
402,Pune,Pune,Rice,Other,FAQ,3200,5800,4550,2020-08-28
53,Pune,Pune,Rice,Other,FAQ,3000,5600,4350,2020-08-29
274,Pune,Pune,Rice,Other,FAQ,7500,9500,8600,2020-08-31
276,Pune,Baramati,Rice,Other,FAQ,1300,1300,1300,2020-09-03
246,Pune,Baramati,Rice,Other,FAQ,1300,1300,1300,2020-09-24
124,Pune,Baramati,Rice,Other,FAQ,1200,1200,1200,2020-09-28
275,Pune,Baramati,Rice,Other,FAQ,1200,1200,1200,2020-10-05
437,Pune,Baramati,Rice,Other,FAQ,1200,1200,1200,2020-10-08
204,Pune,Baramati,Rice,Other,FAQ,1200,1200,1200,2020-10-22
409,Pune,Baramati,Rice,Other,FAQ,1200,1200,1200,2020-10-26
178,Pune,Baramati,Rice,Other,FAQ,1200,1200,1200,2020-10-29
61,Pune,Baramati,Rice,Other,FAQ,1200,1200,1200,2020-11-05
28,Pune,Baramati,Rice,Other,FAQ,1200,1200,1200,2020-11-09
438,Pune,Baramati,Rice,Other,FAQ,1200,1200,1200,2020-11-19
382,Pune,Baramati,Rice,Other,FAQ,1200,1200,1200,2020-11-30
60,Pune,Shirur,Rice,1009 Kar,FAQ,1500,1500,1500,2020-12-04
1,Pune,Baramati,Rice,Other,FAQ,1200,1200,1200,2020-12-17
203,Pune,Baramati,Rice,Other,FAQ,1200,1200,1200,2020-12-21
146,Pune,Baramati,Rice,Other,FAQ,1200,1200,1200,2020-12-24
62,Pune,Baramati,Rice,Other,FAQ,1200,1200,1200,2020-12-31
407,Pune,Baramati,Rice,Other,FAQ,1200,1200,1200,2021-01-04
123,Pune,Baramati,Rice,Other,FAQ,1200,1200,1200,2021-01-14
349,Pune,Baramati,Rice,Other,FAQ,1200,1200,1200,2021-02-01
351,Pune,Baramati,Rice,Other,FAQ,1300,1300,1300,2021-02-11
383,Pune,Baramati,Rice,Other,FAQ,1300,1300,1300,2021-02-15
97,Pune,Baramati,Rice,Other,FAQ,1500,1500,1500,2021-02-22
439,Pune,Baramati,Rice,Other,FAQ,1300,1300,1300,2021-03-01
350,Pune,Baramati,Rice,Other,FAQ,1300,1300,1300,2021-03-04
305,Pune,Pune,Rice,Other,FAQ,3200,6400,4850,2021-04-01
306,Pune,Pune,Rice,Other,FAQ,3200,6400,4850,2021-04-02
462,Pune,Nira(Saswad),Rice,Other,FAQ,2000,3800,2950,2021-04-07
352,Pune,Baramati,Rice,Other,FAQ,1300,1300,1300,2021-04-12
298,Pune,Nira(Saswad),Rice,Other,FAQ,1870,3900,2885,2021-04-24
491,Pune,Nira(Saswad),Rice,Other,FAQ,1868,3900,2884,2021-05-07
49,Pune,Nira(Saswad),Rice,Other,FAQ,1900,3951,2800,2021-05-12
408,Pune,Baramati,Rice,Other,FAQ,1200,1200,1200,2021-05-20
477,Pune,Baramati,Rice,Other,FAQ,1400,1400,1400,2021-05-31
314,Pune,Baramati,Rice,Other,FAQ,1400,1400,1400,2021-06-03
453,Pune,Baramati,Rice,Other,FAQ,1700,1700,1700,2021-06-24
222,Pune,Baramati,Rice,Other,FAQ,1600,1600,1600,2021-07-08
381,Pune,Pune,Rice,Other,FAQ,7400,8600,8050,2021-07-13
252,Pune,Baramati,Rice,Other,FAQ,1500,1500,1500,2021-07-15
284,Pune,Baramati,Rice,Other,FAQ,1500,1500,1500,2021-07-22
88,Pune,Shirur,Rice,1009 Kar,FAQ,1700,1700,1700,2021-07-30
206,Pune,Baramati,Rice,Other,FAQ,1300,1300,1300,2021-08-16
182,Pune,Baramati,Rice,Other,FAQ,1300,1300,1300,2021-08-19
412,Pune,Baramati,Rice,Other,FAQ,1300,1300,1300,2021-08-23
207,Pune,Baramati,Rice,Other,FAQ,1300,1300,1300,2021-08-26
413,Pune,Baramati,Rice,Other,FAQ,1300,1300,1300,2021-08-30
440,Pune,Baramati,Rice,Other,FAQ,1300,1300,1300,2021-09-02
90,Pune,Baramati,Rice,Other,FAQ,1300,1300,1300,2021-09-06
29,Pune,Baramati,Rice,Other,FAQ,1300,1300,1300,2021-09-09
205,Pune,Baramati,Rice,Other,FAQ,1300,1300,1300,2021-10-07
179,Pune,Baramati,Rice,Other,FAQ,1300,1300,1300,2021-10-14
3,Pune,Baramati,Rice,Other,FAQ,1300,1300,1300,2021-10-18
125,Pune,Baramati,Rice,Other,FAQ,1300,1300,1300,2021-10-25
183,Pune,Baramati,Rice,Other,FAQ,1300,1300,1300,2021-10-28
423,Pune,Nira(Saswad),Rice,1009 Kar,FAQ,3000,3500,3250,2021-11-03
475,Pune,Baramati,Rice,Other,FAQ,1300,1300,1300,2021-11-15
30,Pune,Baramati,Rice,Other,FAQ,1300,1300,1300,2021-11-18
385,Pune,Baramati,Rice,Other,FAQ,1300,1300,1300,2021-11-22
294,Pune,Nira(Saswad),Rice,1009 Kar,FAQ,3800,4400,4100,2021-12-15
180,Pune,Baramati,Rice,Other,FAQ,1300,1300,1300,2021-12-16
355,Pune,Baramati,Rice,Other,FAQ,1300,1300,1300,2021-12-20
161,Pune,Nira(Saswad),Rice,1009 Kar,FAQ,3675,4111,3800,2021-12-22
245,Pune,Baramati,Rice,Other,FAQ,1300,1300,1300,2021-12-23
247,Pune,Baramati,Rice,Other,FAQ,1300,1300,1300,2021-12-27
331,Pune,Nira(Saswad),Rice,1009 Kar,FAQ,3250,4000,3625,2021-12-29
442,Pune,Baramati,Rice,Other,FAQ,1300,1300,1300,2021-12-30
490,Pune,Nira(Saswad),Rice,1009 Kar,FAQ,3900,4400,4000,2022-01-05
2,Pune,Baramati,Rice,Other,FAQ,1300,1300,1300,2022-01-06
474,Pune,Baramati,Rice,Other,FAQ,1300,1300,1300,2022-01-10
91,Pune,Baramati,Rice,Other,FAQ,1300,1300,1300,2022-01-13
181,Pune,Baramati,Rice,Other,FAQ,1300,1300,1300,2022-01-17
311,Pune,Baramati,Rice,Other,FAQ,1300,1300,1300,2022-01-20
208,Pune,Baramati,Rice,Other,FAQ,1300,1300,1300,2022-01-27
126,Pune,Baramati,Rice,Other,FAQ,1300,1300,1300,2022-01-31
89,Pune,Baramati,Rice,Other,FAQ,1300,1300,1300,2022-02-03
295,Pune,Nira(Saswad),Rice,1009 Kar,FAQ,3900,4200,4050,2022-02-09
441,Pune,Baramati,Rice,Other,FAQ,1300,1300,1300,2022-02-10
277,Pune,Baramati,Rice,Other,FAQ,1300,1300,1300,2022-02-14
135,Pune,Nira(Saswad),Rice,1009 Kar,FAQ,3700,4200,3950,2022-02-16
354,Pune,Baramati,Rice,Other,FAQ,1300,1300,1300,2022-02-17
278,Pune,Baramati,Rice,Other,FAQ,1300,1300,1300,2022-02-21
232,Pune,Nira(Saswad),Rice,1009 Kar,FAQ,3000,4200,3600,2022-02-23
476,Pune,Baramati,Rice,Other,FAQ,1300,1300,1300,2022-02-24
122,Pune,Shirur,Rice,1009 Kar,FAQ,1500,1600,1500,2022-02-25
248,Pune,Baramati,Rice,Other,FAQ,1300,1300,1300,2022-02-28
106,Pune,Nira(Saswad),Rice,1009 Kar,FAQ,2800,4100,3450,2022-03-02
416,Pune,Baramati,Rice,Other,FAQ,1400,1400,1400,2022-03-03
134,Pune,Nira(Saswad),Rice,1009 Kar,FAQ,3500,4100,3800,2022-03-09
184,Pune,Baramati,Rice,Other,FAQ,1400,1400,1400,2022-03-10
460,Pune,Nira(Saswad),Rice,1009 Kar,FAQ,3900,4500,4200,2022-03-16
186,Pune,Baramati,Rice,Other,FAQ,1400,1400,1400,2022-03-17
94,Pune,Baramati,Rice,Other,FAQ,1400,1400,1400,2022-03-21
7,Pune,Baramati,Rice,Other,FAQ,1400,1400,1400,2022-03-24
213,Pune,Baramati,Rice,Other,FAQ,1400,1400,1400,2022-04-11
411,Pune,Baramati,Rice,Other,FAQ,1300,1300,1300,2022-04-21
68,Pune,Baramati,Rice,Other,FAQ,1400,1400,1400,2022-04-25
160,Pune,Nira(Saswad),Rice,1009 Kar,FAQ,3000,3600,3300,2022-04-27
33,Pune,Baramati,Rice,Other,FAQ,1400,1400,1400,2022-04-28
148,Pune,Baramati,Rice,Other,FAQ,1400,1400,1400,2022-05-02
129,Pune,Baramati,Rice,Other,FAQ,1400,1400,1400,2022-05-05
93,Pune,Baramati,Rice,Other,FAQ,1400,1400,1400,2022-05-09
162,Pune,Nira(Saswad),Rice,1009 Kar,FAQ,3800,4200,4000,2022-05-11
130,Pune,Baramati,Rice,Other,FAQ,1400,1400,1400,2022-05-16
137,Pune,Nira(Saswad),Rice,1009 Kar,FAQ,4000,4500,4250,2022-05-18
217,Pune,Baramati,Rice,Other,FAQ,1400,1400,1400,2022-05-19
388,Pune,Baramati,Rice,Other,FAQ,1500,1500,1500,2022-05-23
358,Pune,Baramati,Rice,Other,FAQ,1400,1400,1400,2022-05-26
293,Pune,Nira(Saswad),Rice,1009 Kar,FAQ,3800,4400,4100,2022-06-01
210,Pune,Baramati,Rice,Other,FAQ,1400,1400,1400,2022-06-06
136,Pune,Nira(Saswad),Rice,1009 Kar,FAQ,3800,4500,4150,2022-06-08
282,Pune,Baramati,Rice,Other,FAQ,1400,1400,1400,2022-06-09
395,Pune,Nira(Saswad),Rice,1009 Kar,FAQ,3200,4200,3700,2022-06-15
250,Pune,Baramati,Rice,Other,FAQ,1400,1400,1400,2022-06-16
357,Pune,Baramati,Rice,Other,FAQ,1400,1400,1400,2022-06-20
194,Pune,Nira(Saswad),Rice,1009 Kar,FAQ,3200,4400,3800,2022-06-22
387,Pune,Baramati,Rice,Other,FAQ,1400,1400,1400,2022-06-23
218,Pune,Baramati,Rice,Other,FAQ,1400,1400,1400,2022-06-27
128,Pune,Baramati,Rice,Other,FAQ,1400,1400,1400,2022-07-04
149,Pune,Baramati,Rice,Other,FAQ,1400,1400,1400,2022-07-07
214,Pune,Baramati,Rice,Other,FAQ,1400,1400,1400,2022-07-11
283,Pune,Baramati,Rice,Other,FAQ,1400,1400,1400,2022-07-14
216,Pune,Baramati,Rice,Other,FAQ,1400,1400,1400,2022-07-18
448,Pune,Baramati,Rice,Other,FAQ,1400,1400,1400,2022-07-21
415,Pune,Baramati,Rice,Other,FAQ,1400,1400,1400,2022-08-02
92,Pune,Baramati,Rice,Other,FAQ,1400,1400,1400,2022-08-04
446,Pune,Baramati,Rice,Other,FAQ,1400,1400,1400,2022-08-08
356,Pune,Baramati,Rice,Other,FAQ,1400,1400,1400,2022-08-11
447,Pune,Baramati,Rice,Other,FAQ,1400,1400,1400,2022-08-18
417,Pune,Baramati,Rice,Other,FAQ,1400,1400,1400,2022-08-22
95,Pune,Baramati,Rice,Other,FAQ,1400,1400,1400,2022-08-29
489,Pune,Nira(Saswad),Rice,1009 Kar,FAQ,3800,4400,4100,2022-08-31
147,Pune,Baramati,Rice,Other,FAQ,1400,1400,1400,2022-09-01
31,Pune,Baramati,Rice,Other,FAQ,1400,1400,1400,2022-09-12
394,Pune,Nira(Saswad),Rice,1009 Kar,FAQ,2100,4100,3100,2022-09-14
65,Pune,Baramati,Rice,Other,FAQ,1400,1400,1400,2022-09-19
418,Pune,Baramati,Rice,Other,FAQ,1400,1400,1400,2022-09-29
444,Pune,Baramati,Rice,Other,FAQ,1400,1400,1400,2022-10-03
281,Pune,Baramati,Rice,Other,FAQ,1400,1400,1400,2022-10-06
212,Pune,Baramati,Rice,Other,FAQ,1400,1400,1400,2022-10-10
215,Pune,Baramati,Rice,Other,FAQ,1400,1400,1400,2022-10-13
386,Pune,Baramati,Rice,Other,FAQ,1400,1400,1400,2022-10-17
251,Pune,Baramati,Rice,Other,FAQ,1400,1400,1400,2022-10-20
219,Pune,Baramati,Rice,Other,FAQ,1400,1400,1400,2022-10-31
4,Pune,Baramati,Rice,Other,FAQ,1400,1400,1400,2022-11-03
211,Pune,Baramati,Rice,Other,FAQ,1400,1400,1400,2022-11-10
414,Pune,Baramati,Rice,Other,FAQ,1400,1400,1400,2022-12-01
209,Pune,Baramati,Rice,Other,FAQ,1400,1400,1400,2022-12-05
5,Pune,Baramati,Rice,Other,FAQ,1400,1400,1400,2022-12-08
151,Pune,Baramati,Rice,Other,FAQ,1400,1400,1400,2022-12-12
397,Pune,Nira(Saswad),Rice,1009 Kar,FAQ,4000,4500,4250,2022-12-14
249,Pune,Baramati,Rice,Other,FAQ,1400,1400,1400,2022-12-15
449,Pune,Baramati,Rice,Other,FAQ,1400,1900,1900,2022-12-19
297,Pune,Nira(Saswad),Rice,1009 Kar,FAQ,4100,4400,4250,2022-12-21
187,Pune,Baramati,Rice,Other,FAQ,1400,1400,1400,2022-12-22
109,Pune,Nira(Saswad),Rice,1009 Kar,FAQ,4022,4027,4025,2022-12-28
188,Pune,Baramati,Rice,Other,FAQ,1400,1400,1400,2022-12-29
313,Pune,Baramati,Rice,Other,FAQ,1400,1400,1400,2023-01-02
64,Pune,Baramati,Rice,Other,FAQ,1400,1400,1400,2023-01-09
488,Pune,Nira(Saswad),Rice,1009 Kar,FAQ,3800,4400,4100,2023-01-11
6,Pune,Baramati,Rice,Other,FAQ,1400,1400,1400,2023-01-16
67,Pune,Baramati,Rice,Other,FAQ,1400,1400,1400,2023-01-23
296,Pune,Nira(Saswad),Rice,1009 Kar,FAQ,4000,4600,4300,2023-01-25
35,Pune,Baramati,Rice,Other,FAQ,1430,1500,1500,2023-01-30
163,Pune,Nira(Saswad),Rice,1009 Kar,FAQ,3800,4400,4100,2023-02-01
279,Pune,Baramati,Rice,Other,FAQ,1400,1400,1400,2023-02-02
445,Pune,Baramati,Rice,Other,FAQ,1400,1400,1400,2023-02-06
150,Pune,Baramati,Rice,Other,FAQ,1400,1400,1400,2023-02-09
459,Pune,Nira(Saswad),Rice,1009 Kar,FAQ,3900,4500,4200,2023-02-15
478,Pune,Baramati,Rice,Other,FAQ,1400,1900,1900,2023-02-16
32,Pune,Baramati,Rice,Other,FAQ,1400,1400,1400,2023-02-20
424,Pune,Nira(Saswad),Rice,1009 Kar,FAQ,4000,4400,4200,2023-02-22
66,Pune,Baramati,Rice,Other,FAQ,1400,1400,1400,2023-02-23
69,Pune,Baramati,Rice,Other,FAQ,1400,1400,1400,2023-02-27
280,Pune,Baramati,Rice,Other,FAQ,1400,1400,1400,2023-03-02
185,Pune,Baramati,Rice,Other,FAQ,1400,1400,1400,2023-03-13
396,Pune,Nira(Saswad),Rice,1009 Kar,FAQ,3900,4500,4200,2023-03-15
315,Pune,Baramati,Rice,Other,FAQ,1400,1400,1400,2023-03-20
461,Pune,Nira(Saswad),Rice,1009 Kar,FAQ,4000,4500,4250,2023-03-22
152,Pune,Baramati,Rice,Other,FAQ,1500,1500,1500,2023-04-03
221,Pune,Baramati,Rice,Other,FAQ,1500,1500,1500,2023-04-06
37,Pune,Baramati,Rice,Other,FAQ,1500,1500,1500,2023-04-20
9,Pune,Baramati,Rice,Other,FAQ,1500,2025,1641,2023-04-24
359,Pune,Baramati,Rice,Other,FAQ,1500,1500,1500,2023-05-04
76,Pune,Nira(Saswad),Rice,1009 Kar,FAQ,3751,4200,3975,2023-05-17
8,Pune,Baramati,Rice,Other,FAQ,1500,1915,1871,2023-05-29
316,Pune,Baramati,Rice,Other,FAQ,1400,1960,1960,2023-06-19
220,Pune,Baramati,Rice,Other,FAQ,1400,1890,1890,2023-06-29
131,Pune,Baramati,Rice,Other,FAQ,2100,2100,2100,2023-07-17
107,Pune,Nira(Saswad),Rice,1009 Kar,FAQ,3900,4500,4200,2023-07-19
108,Pune,Nira(Saswad),Rice,1009 Kar,FAQ,4000,4600,4300,2023-07-26
34,Pune,Baramati,Rice,Other,FAQ,1400,2095,1400,2023-07-31
159,Pune,Nira(Saswad),Rice,1009 Kar,FAQ,2811,4651,3720,2023-08-02
481,Pune,Baramati,Rice,Other,FAQ,2096,2096,2096,2023-08-14
164,Pune,Nira(Saswad),Rice,1009 Kar,FAQ,3800,4400,4100,2023-10-18
320,Pune,Baramati,Rice,Other,FAQ,1500,2060,2000,2023-11-06
189,Pune,Baramati,Rice,Other,FAQ,1500,2350,2337,2023-11-20
264,Pune,Nira(Saswad),Rice,1009 Kar,FAQ,4845,4851,4847,2023-11-22
323,Pune,Baramati,Rice,Other,FAQ,1600,2325,2325,2023-12-04
332,Pune,Nira(Saswad),Rice,1009 Kar,FAQ,4800,5151,4975,2023-12-06
419,Pune,Baramati,Rice,Other,FAQ,1700,2331,2331,2023-12-18
99,Pune,Baramati,Rice,Other,FAQ,1700,2300,1700,2023-12-25
454,Pune,Baramati,Rice,Other,FAQ,1700,2251,1700,2024-01-04
11,Pune,Baramati,Rice,Other,FAQ,1700,2000,2000,2024-02-05
74,Pune,Baramati,Rice,Other,FAQ,2490,2490,2490,2024-03-04
362,Pune,Baramati,Rice,Other,FAQ,1700,1700,1700,2024-03-07
98,Pune,Baramati,Rice,Other,FAQ,1700,1700,1700,2024-03-11
389,Pune,Baramati,Rice,Other,FAQ,1700,1700,1700,2024-03-16
482,Pune,Baramati,Rice,Other,FAQ,2390,2390,2390,2024-04-01
363,Pune,Baramati,Rice,Other,FAQ,1700,2400,2311,2024-04-04
223,Pune,Baramati,Rice,Other,FAQ,1700,1700,1700,2024-04-08
289,Pune,Baramati,Rice,Other,FAQ,2320,2320,2320,2024-04-29
71,Pune,Baramati,Rice,Other,FAQ,1600,1600,1600,2024-05-09
40,Pune,Baramati,Rice,Other,FAQ,2311,3000,2311,2024-05-13
255,Pune,Baramati,Rice,Other,FAQ,1600,1600,1600,2024-05-16
324,Pune,Baramati,Rice,Other,FAQ,1600,2360,2311,2024-05-20
451,Pune,Baramati,Rice,Other,FAQ,1600,1600,1600,2024-05-30
452,Pune,Baramati,Rice,Other,FAQ,1600,2190,1600,2024-06-03
480,Pune,Baramati,Rice,Other,FAQ,1700,1700,1700,2024-07-01
156,Pune,Baramati,Rice,Other,FAQ,1700,2150,2150,2024-07-04
288,Pune,Baramati,Rice,Other,FAQ,1700,1700,1700,2024-07-11
422,Pune,Nira(Saswad),Rice,1009 Kar,FAQ,2000,4001,3000,2024-08-28
195,Pune,Nira(Saswad),Rice,1009 Kar,FAQ,4000,5500,4750,2024-09-11
224,Pune,Baramati,Rice,Other,FAQ,1800,1800,1800,2024-09-30
39,Pune,Baramati,Rice,Other,FAQ,1800,1900,1800,2024-10-14
227,Pune,Baramati,Rice,Other,FAQ,2000,2411,2000,2024-11-07
256,Pune,Baramati,Rice,Other,FAQ,2000,2000,2000,2024-11-11
317,Pune,Baramati,Rice,Other,FAQ,1400,2000,2000,2024-11-21
226,Pune,Baramati,Rice,Other,FAQ,2000,2000,2000,2024-11-25
364,Pune,Baramati,Rice,Other,FAQ,2000,2000,2000,2024-12-05
455,Pune,Baramati,Rice,Other,FAQ,2000,2000,2000,2024-12-12
365,Pune,Baramati,Rice,Other,FAQ,2000,2000,2000,2024-12-16
421,Pune,Baramati,Rice,Other,FAQ,2000,2000,2000,2024-12-26
73,Pune,Baramati,Rice,Other,FAQ,2000,2200,2000,2025-01-02
390,Pune,Baramati,Rice,Other,FAQ,2000,2100,2000,2025-01-06
487,Pune,Nira(Saswad),Rice,1009 Kar,FAQ,3000,5800,4400,2025-01-22
366,Pune,Baramati,Rice,Other,Local,2000,2000,2000,2025-01-27
192,Pune,Baramati,Rice,Other,Local,2000,2000,2000,2025-01-30
257,Pune,Baramati,Rice,Other,Local,2000,2000,2000,2025-02-06
132,Pune,Baramati,Rice,Other,Local,2495,2495,2495,2025-02-20
228,Pune,Baramati,Rice,Other,Local,2000,2000,2000,2025-02-27
258,Pune,Baramati,Rice,Other,Local,2489,2491,2491,2025-03-10
41,Pune,Baramati,Rice,Other,Local,2460,2460,2460,2025-03-17
